_source,_record,system,basis,nao,E,converged,wall_s,peak_mb,kind,mode,xc,n_iter,conv,mu_D,mu_grid_vs_analytic,step,M,steps,seed,peak_gpu_mb,E_grid5,grad_norm,E_J,lam_min,lam_max,lam_ratio,cond_V,grid_bias_mha
gto_baseline_7.log,RESULT,ethanol,cc-pv5z,603,-154.9186435473,True,32.4,135210,,,,,,,,,,,,,,,,,,,,
ladder_alanine_dipeptide_cc-pvdz_df.log,RESULT,alanine_dipeptide,cc-pvdz,200,-495.27794379,True,5.20000000,9841,gto,df,pbe,41,,,,,,,,,,,,,,,,
ladder_alanine_dipeptide_cc-pvqz_df.log,RESULT,alanine_dipeptide,cc-pvqz,910,-495.47609942,True,72.50000000,144132,gto,df,pbe,42,,,,,,,,,,,,,,,,
ladder_alanine_dipeptide_cc-pvtz_df.log,RESULT,alanine_dipeptide,cc-pvtz,468,-495.43353571,True,26.70000000,39032,gto,df,pbe,43,,,,,,,,,,,,,,,,
ladder_ethanol_cc-pvdz_df.log,RESULT,ethanol,cc-pvdz,72,-154.83811121,True,3.70000000,3415,gto,df,pbe,14,,,,,,,,,,,,,,,,
ladder_ethanol_cc-pvqz_df.log,RESULT,ethanol,cc-pvqz,345,-154.91359359,True,4.30000000,11565,gto,df,pbe,18,,,,,,,,,,,,,,,,
ladder_h2o_cc-pv5z_df.log,RESULT,h2o,cc-pv5z,201,-76.38730662,True,34.60000000,11225,gto,df,pbe,10,,,,,,,,,,,,,,,,
ladder_h2o_cc-pvdz_df.log,RESULT,h2o,cc-pvdz,24,-76.33347551,True,14.10000000,4870,gto,df,pbe,9,,,,,,,,,,,,,,,,
ladder_h2o_cc-pvqz_df.log,RESULT,h2o,cc-pvqz,115,-76.38312412,True,28.20000000,8080,gto,df,pbe,10,,,,,,,,,,,,,,,,
ladder_h2o_cc-pvtz_df.log,RESULT,h2o,cc-pvtz,58,-76.37289638,True,20.60000000,6054,gto,df,pbe,9,,,,,,,,,,,,,,,,
xcFunc48k_433524.log,RESULT,ethanol,cc-pvtz,174,-154.89869356,,,,gto,,pbe,,True,1.52534957,0.000004,,,,,,,,,,,,,
xcFunc48k_433524.log,RESULT_PARTIAL,ethanol,,,-154.67779687,,142,,splat,,,,,,,1000,174,,,,,,,,,,,
xcFunc48k_433524.log,RESULT_PARTIAL,ethanol,,,-154.83282436,,230,,splat,,,,,,,2000,174,,,,,,,,,,,
xcFunc48k_433524.log,RESULT_PARTIAL,ethanol,,,-154.87676697,,319,,splat,,,,,,,3000,174,,,,,,,,,,,
xcFunc48k_433524.log,RESULT_PARTIAL,ethanol,,,-154.88518758,,420,,splat,,,,,,,4000,174,,,,,,,,,,,
xcFunc48k_433524.log,RESULT_PARTIAL,ethanol,,,-154.88947638,,514,,splat,,,,,,,5000,174,,,,,,,,,,,
xcFunc48k_433524.log,RESULT_PARTIAL,ethanol,,,-154.89532574,,604,,splat,,,,,,,6000,174,,,,,,,,,,,
xcFunc48k_433524.log,RESULT_PARTIAL,ethanol,,,-154.90007358,,695,,splat,,,,,,,7000,174,,,,,,,,,,,
xcFunc48k_433524.log,RESULT_PARTIAL,ethanol,,,-154.90177875,,789,,splat,,,,,,,8000,174,,,,,,,,,,,
xcFunc48k_433524.log,RESULT_PARTIAL,ethanol,,,-154.89841382,,883,,splat,,,,,,,9000,174,,,,,,,,,,,
xcFunc48k_433524.log,RESULT_PARTIAL,ethanol,,,-154.90863986,,976,,splat,,,,,,,10000,174,,,,,,,,,,,
xcFunc48k_433524.log,RESULT_PARTIAL,ethanol,,,-154.90593585,,1070,,splat,,,,,,,11000,174,,,,,,,,,,,
xcFunc48k_433524.log,RESULT_PARTIAL,ethanol,,,-154.90819741,,1163,,splat,,,,,,,12000,174,,,,,,,,,,,
xcFunc48k_433524.log,RESULT_PARTIAL,ethanol,,,-154.90717505,,1256,,splat,,,,,,,13000,174,,,,,,,,,,,
xcFunc48k_433524.log,RESULT_PARTIAL,ethanol,,,-154.88808528,,1334,,splat,,,,,,,14000,174,,,,,,,,,,,
xcFunc48k_433524.log,RESULT_PARTIAL,ethanol,,,-154.90676604,,1419,,splat,,,,,,,15000,174,,,,,,,,,,,
xcFunc48k_433524.log,RESULT_PARTIAL,ethanol,,,-154.90673590,,1505,,splat,,,,,,,16000,174,,,,,,,,,,,
xcFunc48k_433524.log,RESULT_PARTIAL,ethanol,,,-154.90936489,,1599,,splat,,,,,,,17000,174,,,,,,,,,,,
xcFunc48k_433524.log,RESULT_PARTIAL,ethanol,,,-154.91054298,,1683,,splat,,,,,,,18000,174,,,,,,,,,,,
xcFunc48k_433524.log,RESULT_PARTIAL,ethanol,,,-154.91212674,,1751,,splat,,,,,,,19000,174,,,,,,,,,,,
xcFunc48k_433524.log,RESULT_PARTIAL,ethanol,,,-154.91021206,,1811,,splat,,,,,,,20000,174,,,,,,,,,,,
xcFunc48k_433524.log,RESULT_PARTIAL,ethanol,,,-154.91286753,,1877,,splat,,,,,,,21000,174,,,,,,,,,,,
xcFunc48k_433524.log,RESULT_PARTIAL,ethanol,,,-154.91278222,,1945,,splat,,,,,,,22000,174,,,,,,,,,,,
xcFunc48k_433524.log,RESULT_PARTIAL,ethanol,,,-154.91589459,,1998,,splat,,,,,,,23000,174,,,,,,,,,,,
xcFunc48k_433524.log,RESULT_PARTIAL,ethanol,,,-154.91441007,,2053,,splat,,,,,,,24000,174,,,,,,,,,,,
xcFunc48k_433524.log,RESULT_PARTIAL,ethanol,,,-154.91629924,,2107,,splat,,,,,,,25000,174,,,,,,,,,,,
xcFunc48k_433524.log,RESULT_PARTIAL,ethanol,,,-154.91644315,,2181,,splat,,,,,,,26000,174,,,,,,,,,,,
xcFunc48k_433524.log,RESULT_PARTIAL,ethanol,,,-154.91746186,,2228,,splat,,,,,,,27000,174,,,,,,,,,,,
xcFunc48k_433524.log,RESULT_PARTIAL,ethanol,,,-154.91739692,,2274,,splat,,,,,,,28000,174,,,,,,,,,,,
xcFunc48k_433524.log,RESULT_PARTIAL,ethanol,,,-154.91798491,,2335,,splat,,,,,,,29000,174,,,,,,,,,,,
xcFunc48k_433524.log,RESULT_PARTIAL,ethanol,,,-154.91797425,,2391,,splat,,,,,,,30000,174,,,,,,,,,,,
xcFunc48k_433524.log,RESULT_PARTIAL,ethanol,,,-154.91819959,,2441,,splat,,,,,,,31000,174,,,,,,,,,,,
xcFunc48k_433524.log,RESULT_PARTIAL,ethanol,,,-154.91842461,,2485,,splat,,,,,,,32000,174,,,,,,,,,,,
xcFunc48k_433524.log,RESULT_PARTIAL,ethanol,,,-154.91845995,,2529,,splat,,,,,,,33000,174,,,,,,,,,,,
xcFunc48k_433524.log,RESULT_PARTIAL,ethanol,,,-154.91883100,,2573,,splat,,,,,,,34000,174,,,,,,,,,,,
xcFunc48k_433524.log,RESULT_PARTIAL,ethanol,,,-154.91888755,,2617,,splat,,,,,,,35000,174,,,,,,,,,,,
xcFunc48k_433524.log,RESULT_PARTIAL,ethanol,,,-154.91894991,,2661,,splat,,,,,,,36000,174,,,,,,,,,,,
xcFunc48k_433524.log,RESULT_PARTIAL,ethanol,,,-154.91899580,,2705,,splat,,,,,,,37000,174,,,,,,,,,,,
xcFunc48k_433524.log,RESULT_PARTIAL,ethanol,,,-154.91898912,,2750,,splat,,,,,,,38000,174,,,,,,,,,,,
xcFunc48k_433524.log,RESULT_PARTIAL,ethanol,,,-154.91898640,,2794,,splat,,,,,,,39000,174,,,,,,,,,,,
xcFunc48k_433524.log,RESULT_PARTIAL,ethanol,,,-154.91898855,,2839,,splat,,,,,,,40000,174,,,,,,,,,,,
xcFunc48k_433524.log,RESULT_PARTIAL,ethanol,,,-154.91904549,,2883,,splat,,,,,,,41000,174,,,,,,,,,,,
xcFunc48k_433524.log,RESULT_PARTIAL,ethanol,,,-154.91906461,,2927,,splat,,,,,,,42000,174,,,,,,,,,,,
xcFunc48k_433524.log,RESULT_PARTIAL,ethanol,,,-154.91904384,,2971,,splat,,,,,,,43000,174,,,,,,,,,,,
xcFunc48k_433524.log,RESULT_PARTIAL,ethanol,,,-154.91901530,,3018,,splat,,,,,,,44000,174,,,,,,,,,,,
xcFunc48k_433524.log,RESULT_PARTIAL,ethanol,,,-154.91897928,,3062,,splat,,,,,,,45000,174,,,,,,,,,,,
xcFunc48k_433524.log,RESULT_PARTIAL,ethanol,,,-154.91899869,,3106,,splat,,,,,,,46000,174,,,,,,,,,,,
xcFunc48k_433524.log,RESULT_PARTIAL,ethanol,,,-154.91907680,,3150,,splat,,,,,,,47000,174,,,,,,,,,,,
xcFunc48k_433524.log,RESULT_PARTIAL,ethanol,,,-154.91914694,,3194,,splat,,,,,,,48000,174,,,,,,,,,,,
xcFunc48k_433524.log,RESULT_PARTIAL,ethanol,,72,-154.91914694,,3198,,splat,,pbe,,,,,,174,48000,0,243,,,,,,,,
xcFunc48k_433524.log,RESULT,ethanol,,72,-154.91914694,,3222,,splat,,pbe,,,,,,174,48000,0,243,-154.9,,,,,,,
xcFunc48k_433524.log,RESULT,ethanol,cc-pvtz,174,-154.91482795,,,,gto,,pbe0,,True,1.60174149,0.00000,,,,,,,,,,,,,
xcFunc48k_433524.log,RESULT_PARTIAL,ethanol,,72,-154.92049364,,4160,,splat,,pbe0,,,,,,174,48000,0,250,,,,,,,,
xcFunc48k_433524.log,RESULT,ethanol,,72,-154.92049364,,4184,,splat,,pbe0,,,,,,174,48000,0,250,-154.,,,,,,,
xcFunc48k_433524.log,RESULT,ethanol,cc-pvtz,174,-155.10391086,,,,gto,,b3lyp,,True,1.60692102,0.0000,,,,,,,,,,,,,
xcFunc48k_433524.log,RESULT_PARTIAL,ethanol,,72,-155.10817211,,4346,,splat,,b3lyp,,,,,,174,48000,0,250,,,,,,,,
xcFunc48k_433524.log,RESULT,ethanol,,72,-155.10817211,,4370,,splat,,b3lyp,,,,,,174,48000,0,250,-155,,,,,,,
xcFunc48k_433524.log,RESULT,ethanol,cc-pvtz,174,-155.00612726,,,,gto,,r2scan,,True,1.56809259,0.000,,,,,,,,,,,,,
xcFunc48k_433524.log,RESULT_PARTIAL,ethanol,,,-154.79571907,,202,,splat,,,,,,,1000,174,,,,,,,,,,,
xcFunc48k_433524.log,RESULT_PARTIAL,ethanol,,,-154.95307426,,297,,splat,,,,,,,2000,174,,,,,,,,,,,
xcFunc48k_433524.log,RESULT_PARTIAL,ethanol,,,-154.97816179,,396,,splat,,,,,,,3000,174,,,,,,,,,,,
xcFunc48k_433524.log,RESULT_PARTIAL,ethanol,,,-154.98561710,,495,,splat,,,,,,,4000,174,,,,,,,,,,,
xcFunc48k_433524.log,RESULT_PARTIAL,ethanol,,,-154.98064333,,593,,splat,,,,,,,5000,174,,,,,,,,,,,
xcFunc48k_433524.log,RESULT_PARTIAL,ethanol,,,-154.99683348,,694,,splat,,,,,,,6000,174,,,,,,,,,,,
xcFunc48k_433524.log,RESULT_PARTIAL,ethanol,,,-154.98727427,,794,,splat,,,,,,,7000,174,,,,,,,,,,,
xcFunc48k_433524.log,RESULT_PARTIAL,ethanol,,,-155.00362223,,893,,splat,,,,,,,8000,174,,,,,,,,,,,
xcFunc48k_433524.log,RESULT_PARTIAL,ethanol,,,-155.00068084,,986,,splat,,,,,,,9000,174,,,,,,,,,,,
xcFunc48k_433524.log,RESULT_PARTIAL,ethanol,,,-155.00898584,,1086,,splat,,,,,,,10000,174,,,,,,,,,,,
xcFunc48k_433524.log,RESULT_PARTIAL,ethanol,,,-154.98810103,,1186,,splat,,,,,,,11000,174,,,,,,,,,,,
xcFunc48k_433524.log,RESULT_PARTIAL,ethanol,,,-155.01236561,,1285,,splat,,,,,,,12000,174,,,,,,,,,,,
xcFunc48k_433524.log,RESULT_PARTIAL,ethanol,,,-155.01525129,,1379,,splat,,,,,,,13000,174,,,,,,,,,,,
xcFunc48k_433524.log,RESULT_PARTIAL,ethanol,,,-155.01427655,,1476,,splat,,,,,,,14000,174,,,,,,,,,,,
xcFunc48k_433524.log,RESULT_PARTIAL,ethanol,,,-155.01861184,,1561,,splat,,,,,,,15000,174,,,,,,,,,,,
xcFunc48k_433524.log,RESULT_PARTIAL,ethanol,,,-155.01748378,,1645,,splat,,,,,,,16000,174,,,,,,,,,,,
xcFunc48k_433524.log,RESULT_PARTIAL,ethanol,,,-155.01049478,,1747,,splat,,,,,,,17000,174,,,,,,,,,,,
xcFunc48k_433524.log,RESULT_PARTIAL,ethanol,,,-155.01011760,,1839,,splat,,,,,,,18000,174,,,,,,,,,,,
xcFunc48k_433524.log,RESULT_PARTIAL,ethanol,,,-155.02064507,,1929,,splat,,,,,,,19000,174,,,,,,,,,,,
xcFunc48k_433524.log,RESULT_PARTIAL,ethanol,,,-155.02081192,,2017,,splat,,,,,,,20000,174,,,,,,,,,,,
xcFunc48k_433524.log,RESULT_PARTIAL,ethanol,,,-155.01785878,,2091,,splat,,,,,,,21000,174,,,,,,,,,,,
xcFunc48k_433524.log,RESULT_PARTIAL,ethanol,,,-155.02106073,,2151,,splat,,,,,,,22000,174,,,,,,,,,,,
xcFunc48k_433524.log,RESULT_PARTIAL,ethanol,,,-155.01713573,,2205,,splat,,,,,,,23000,174,,,,,,,,,,,
xcFunc48k_433524.log,RESULT_PARTIAL,ethanol,,,-155.01776171,,2258,,splat,,,,,,,24000,174,,,,,,,,,,,
xcFunc48k_433524.log,RESULT_PARTIAL,ethanol,,,-155.02025034,,2325,,splat,,,,,,,25000,174,,,,,,,,,,,
xcFunc48k_433524.log,RESULT_PARTIAL,ethanol,,,-155.02324213,,2384,,splat,,,,,,,26000,174,,,,,,,,,,,
xcFunc48k_433524.log,RESULT_PARTIAL,ethanol,,,-155.02337883,,2459,,splat,,,,,,,27000,174,,,,,,,,,,,
xcFunc48k_433524.log,RESULT_PARTIAL,ethanol,,,-155.02324936,,2549,,splat,,,,,,,28000,174,,,,,,,,,,,
xcFunc48k_433524.log,RESULT_PARTIAL,ethanol,,,-155.02328481,,2619,,splat,,,,,,,29000,174,,,,,,,,,,,
xcFunc48k_433524.log,RESULT_PARTIAL,ethanol,,,-155.02364165,,2686,,splat,,,,,,,30000,174,,,,,,,,,,,
xcFunc48k_433524.log,RESULT_PARTIAL,ethanol,,,-155.02367295,,2751,,splat,,,,,,,31000,174,,,,,,,,,,,
xcFunc48k_433524.log,RESULT_PARTIAL,ethanol,,,-155.02379588,,2817,,splat,,,,,,,32000,174,,,,,,,,,,,
xcFunc48k_433524.log,RESULT_PARTIAL,ethanol,,,-155.02375482,,2877,,splat,,,,,,,33000,174,,,,,,,,,,,
xcFunc48k_433524.log,RESULT_PARTIAL,ethanol,,,-155.02374024,,2938,,splat,,,,,,,34000,174,,,,,,,,,,,
xcFunc48k_433524.log,RESULT_PARTIAL,ethanol,,,-155.02383030,,3000,,splat,,,,,,,35000,174,,,,,,,,,,,
xcFunc48k_433524.log,RESULT_PARTIAL,ethanol,,,-155.02390229,,3061,,splat,,,,,,,36000,174,,,,,,,,,,,
xcFunc48k_433524.log,RESULT_PARTIAL,ethanol,,,-155.02394346,,3128,,splat,,,,,,,37000,174,,,,,,,,,,,
xcFunc48k_433524.log,RESULT_PARTIAL,ethanol,,,-155.02393888,,3187,,splat,,,,,,,38000,174,,,,,,,,,,,
xcFunc48k_433524.log,RESULT_PARTIAL,ethanol,,,-155.02396246,,3250,,splat,,,,,,,39000,174,,,,,,,,,,,
xcFunc48k_433524.log,RESULT_PARTIAL,ethanol,,,-155.02398955,,3303,,splat,,,,,,,40000,174,,,,,,,,,,,
xcFunc48k_433524.log,RESULT_PARTIAL,ethanol,,,-155.02400205,,3357,,splat,,,,,,,41000,174,,,,,,,,,,,
xcFunc48k_433524.log,RESULT_PARTIAL,ethanol,,,-155.02402004,,3408,,splat,,,,,,,42000,174,,,,,,,,,,,
xcFunc48k_433524.log,RESULT_PARTIAL,ethanol,,,-155.02403889,,3461,,splat,,,,,,,43000,174,,,,,,,,,,,
xcFunc48k_433524.log,RESULT_PARTIAL,ethanol,,,-155.02406151,,3515,,splat,,,,,,,44000,174,,,,,,,,,,,
xcFunc48k_433524.log,RESULT_PARTIAL,ethanol,,,-155.02408263,,3567,,splat,,,,,,,45000,174,,,,,,,,,,,
xcFunc48k_433524.log,RESULT_PARTIAL,ethanol,,,-155.02410273,,3629,,splat,,,,,,,46000,174,,,,,,,,,,,
xcFunc48k_433524.log,RESULT_PARTIAL,ethanol,,,-155.02411655,,3688,,splat,,,,,,,47000,174,,,,,,,,,,,
xcFunc48k_433524.log,RESULT_PARTIAL,ethanol,,,-155.02412177,,3748,,splat,,,,,,,48000,174,,,,,,,,,,,
xcFunc48k_433524.log,RESULT_PARTIAL,ethanol,,72,-155.02412177,,3752,,splat,,r2scan,,,,,,174,48000,0,242,,,,,,,,
xcFunc48k_433524.log,RESULT,ethanol,,72,-155.02412177,,3779,,splat,,r2scan,,,,,,174,48000,0,242,-15,,,,,,,
xcFunc48k_433524.log,RESULT,ethanol,cc-pvtz,174,-155.05522687,,,,gto,,wb97x,,True,1.64884482,0.0000,,,,,,,,,,,,,
xcFunc48k_433524.log,RESULT_PARTIAL,ethanol,,72,-155.06525651,,4755,,splat,,wb97x,,,,,,174,48000,0,249,,,,,,,,
xcFunc48k_433524.log,RESULT,ethanol,,72,-155.06525651,,4777,,splat,,wb97x,,,,,,174,48000,0,249,-155,,,,,,,
xcFunc48k_433524.log,RESULT,ethanol,cc-pvtz,174,-155.01791264,,,,gto,,wb97m-v,,True,1.60555583,0.00,,,,,,,,,,,,,
iso_water_M24_s2.log,STEP,,,,230.201589,,,,,,,,,,,0,,,,,,9.33e+02,53.3104,9.14e-02,5.95e-01,1.54e-01,7.1e+03,
iso_water_M24_s2.log,STEP,,,,-75.961996,,,,,,,,,,,500,,,,,,7.83e+00,46.4479,2.34e-01,6.38e+00,3.67e-02,5.5e+04,
iso_water_M24_s2.log,RESULT_PARTIAL,water,,,-76.11380431,,76,,splat,,,,,,,1000,24,,,,,,,,,,,
iso_water_M24_s2.log,STEP,,,,-76.131172,,,,,,,,,,,1000,,,,,,1.24e+01,46.7515,2.48e-01,6.45e+00,3.85e-02,8.0e+04,
iso_water_M24_s2.log,STEP,,,,-76.164389,,,,,,,,,,,1500,,,,,,1.04e+01,46.7847,3.41e-01,6.65e+00,5.13e-02,8.7e+04,
iso_water_M24_s2.log,RESULT_PARTIAL,water,,,-76.16902247,,88,,splat,,,,,,,2000,24,,,,,,,,,,,
iso_water_M24_s2.log,STEP,,,,-76.184256,,,,,,,,,,,2000,,,,,,1.03e+01,46.7002,3.55e-01,5.61e+00,6.32e-02,1.0e+05,
iso_water_M24_s2.log,STEP,,,,-76.196075,,,,,,,,,,,2500,,,,,,8.33e+00,46.7044,4.06e-01,5.08e+00,7.98e-02,1.1e+05,
iso_water_M24_s2.log,RESULT_PARTIAL,water,,,-76.19293990,,110,,splat,,,,,,,3000,24,,,,,,,,,,,
iso_water_M24_s2.log,STEP,,,,-76.207304,,,,,,,,,,,3000,,,,,,6.86e+00,46.7257,4.32e-01,5.30e+00,8.16e-02,1.2e+05,
iso_water_M24_s2.log,STEP,,,,-76.213478,,,,,,,,,,,3500,,,,,,8.59e+00,46.6660,4.95e-01,6.18e+00,8.00e-02,1.3e+05,
iso_water_M24_s2.log,RESULT_PARTIAL,water,,,-76.21509922,,123,,splat,,,,,,,4000,24,,,,,,,,,,,
iso_water_M24_s2.log,STEP,,,,-76.227012,,,,,,,,,,,4000,,,,,,5.87e+00,46.7172,5.79e-01,6.86e+00,8.44e-02,1.7e+05,
iso_water_M24_s2.log,STEP,,,,-76.257535,,,,,,,,,,,4500,,,,,,5.69e+00,46.6351,8.13e-01,7.55e+00,1.08e-01,2.7e+05,
iso_water_M24_s2.log,RESULT_PARTIAL,water,,,-76.24912888,,142,,splat,,,,,,,5000,24,,,,,,,,,,,
iso_water_M24_s2.log,STEP,,,,-76.267806,,,,,,,,,,,5000,,,,,,6.86e+00,46.6390,9.92e-01,8.25e+00,1.20e-01,3.1e+05,
iso_water_M24_s2.log,STEP,,,,-76.269448,,,,,,,,,,,5500,,,,,,6.72e+00,46.6939,1.03e+00,9.09e+00,1.13e-01,3.1e+05,
iso_water_M24_s2.log,RESULT_PARTIAL,water,,,-76.25997840,,159,,splat,,,,,,,6000,24,,,,,,,,,,,
iso_water_M24_s2.log,STEP,,,,-76.274189,,,,,,,,,,,6000,,,,,,4.89e+00,46.7295,1.15e+00,9.75e+00,1.18e-01,3.2e+05,
iso_water_M24_s2.log,STEP,,,,-76.286658,,,,,,,,,,,6500,,,,,,4.73e+00,46.7054,1.16e+00,1.05e+01,1.10e-01,3.2e+05,
iso_water_M24_s2.log,RESULT_PARTIAL,water,,,-76.29306023,,176,,splat,,,,,,,7000,24,,,,,,,,,,,
iso_water_M24_s2.log,STEP,,,,-76.304034,,,,,,,,,,,7000,,,,,,4.10e+00,46.7474,6.49e-01,1.04e+01,6.25e-02,2.4e+05,
iso_water_M24_s2.log,STEP,,,,-76.306226,,,,,,,,,,,7500,,,,,,4.01e+00,46.7612,6.01e-01,1.01e+01,5.93e-02,2.4e+05,
iso_water_M24_s2.log,RESULT_PARTIAL,water,,,-76.29789636,,191,,splat,,,,,,,8000,24,,,,,,,,,,,
iso_water_M24_s2.log,STEP,,,,-76.307733,,,,,,,,,,,8000,,,,,,4.03e+00,46.7704,4.87e-01,9.63e+00,5.06e-02,2.4e+05,
iso_water_M24_s2.log,STEP,,,,-76.310118,,,,,,,,,,,8500,,,,,,3.59e+00,46.7739,4.80e-01,8.99e+00,5.33e-02,2.4e+05,
iso_water_M24_s2.log,RESULT_PARTIAL,water,,,-76.30062764,,208,,splat,,,,,,,9000,24,,,,,,,,,,,
iso_water_M24_s2.log,STEP,,,,-76.311238,,,,,,,,,,,9000,,,,,,3.75e+00,46.7712,3.90e-01,8.28e+00,4.71e-02,2.4e+05,
iso_water_M24_s2.log,STEP,,,,-76.311941,,,,,,,,,,,9500,,,,,,2.56e+00,46.7659,2.86e-01,7.70e+00,3.71e-02,2.4e+05,
iso_water_M24_s2.log,RESULT_PARTIAL,water,,,-76.30151157,,219,,splat,,,,,,,10000,24,,,,,,,,,,,
iso_water_M24_s2.log,STEP,,,,-76.312424,,,,,,,,,,,10000,,,,,,2.76e+00,46.7775,2.38e-01,7.25e+00,3.28e-02,2.4e+05,
iso_water_M24_s2.log,STEP,,,,-76.312711,,,,,,,,,,,10500,,,,,,2.09e+00,46.7771,1.90e-01,6.81e+00,2.80e-02,2.6e+05,
iso_water_M24_s2.log,RESULT_PARTIAL,water,,,-76.30202009,,228,,splat,,,,,,,11000,24,,,,,,,,,,,
iso_water_M24_s2.log,STEP,,,,-76.312916,,,,,,,,,,,11000,,,,,,1.46e+00,46.7763,1.49e-01,6.42e+00,2.32e-02,3.2e+05,
iso_water_M24_s2.log,STEP,,,,-76.313059,,,,,,,,,,,11500,,,,,,2.91e-03,46.7754,1.19e-01,6.10e+00,1.95e-02,4.0e+05,
iso_water_M24_s2.log,RESULT_PARTIAL,water,,,-76.30226978,,237,,splat,,,,,,,12000,24,,,,,,,,,,,
iso_water_M24_s2.log,STEP,,,,-76.313143,,,,,,,,,,,11999,,,,,,2.68e-03,46.7752,9.93e-02,5.83e+00,1.70e-02,4.7e+05,
iso_water_M24_s2.log,RESULT_PARTIAL,water,,24,-76.30226978,,239,,splat,,pbe,,,,,,24,12000,2,412,,,,,,,,
iso_water_M24_s2.log,RESULT,water,,24,-76.30226978,,254,,splat,,pbe,,,,,,24,12000,2,412,-76.30226965,,,,,,,-0.00012562
iso_water_M24_s0.log,STEP,,,,262.225382,,,,,,,,,,,0,,,,,,1.65e+03,56.5627,2.70e-02,4.41e-01,6.13e-02,3.4e+03,
iso_water_M24_s0.log,STEP,,,,-75.759069,,,,,,,,,,,500,,,,,,1.06e+01,46.4758,1.76e-01,2.67e+00,6.61e-02,4.8e+04,
iso_water_M24_s0.log,RESULT_PARTIAL,water,,,-75.85586999,,77,,splat,,,,,,,1000,24,,,,,,,,,,,
iso_water_M24_s0.log,STEP,,,,-75.893469,,,,,,,,,,,1000,,,,,,1.78e+01,46.3287,2.14e-01,2.76e+00,7.75e-02,5.3e+04,
iso_water_M24_s0.log,STEP,,,,-76.046401,,,,,,,,,,,1500,,,,,,9.93e+00,46.3753,2.59e-01,2.88e+00,9.01e-02,8.4e+04,
iso_water_M24_s0.log,RESULT_PARTIAL,water,,,-76.18335296,,97,,splat,,,,,,,2000,24,,,,,,,,,,,
iso_water_M24_s0.log,STEP,,,,-76.201807,,,,,,,,,,,2000,,,,,,1.13e+01,46.7277,3.13e-01,3.06e+00,1.02e-01,1.1e+05,
iso_water_M24_s0.log,STEP,,,,-76.224530,,,,,,,,,,,2500,,,,,,3.98e+00,46.6621,5.87e-01,3.97e+00,1.48e-01,1.3e+05,
iso_water_M24_s0.log,RESULT_PARTIAL,water,,,-76.23758421,,118,,splat,,,,,,,3000,24,,,,,,,,,,,
iso_water_M24_s0.log,STEP,,,,-76.250693,,,,,,,,,,,3000,,,,,,6.59e+00,46.7172,5.78e-01,5.15e+00,1.12e-01,1.6e+05,
iso_water_M24_s0.log,STEP,,,,-76.258460,,,,,,,,,,,3500,,,,,,9.58e+00,46.6701,5.34e-01,5.09e+00,1.05e-01,2.0e+05,
iso_water_M24_s0.log,RESULT_PARTIAL,water,,,-76.23042694,,131,,splat,,,,,,,4000,24,,,,,,,,,,,
iso_water_M24_s0.log,STEP,,,,-76.245907,,,,,,,,,,,4000,,,,,,1.21e+01,46.6658,8.22e-01,6.19e+00,1.33e-01,2.3e+05,
iso_water_M24_s0.log,STEP,,,,-76.281376,,,,,,,,,,,4500,,,,,,7.13e+00,46.6821,7.73e-01,6.79e+00,1.14e-01,2.4e+05,
iso_water_M24_s0.log,RESULT_PARTIAL,water,,,-76.26354244,,140,,splat,,,,,,,5000,24,,,,,,,,,,,
iso_water_M24_s0.log,STEP,,,,-76.277845,,,,,,,,,,,5000,,,,,,6.44e+00,46.4868,9.01e-01,7.07e+00,1.28e-01,2.4e+05,
iso_water_M24_s0.log,STEP,,,,-76.283173,,,,,,,,,,,5500,,,,,,5.34e+00,46.7057,1.06e+00,7.41e+00,1.44e-01,2.4e+05,
iso_water_M24_s0.log,RESULT_PARTIAL,water,,,-76.27357333,,150,,splat,,,,,,,6000,24,,,,,,,,,,,
iso_water_M24_s0.log,STEP,,,,-76.288985,,,,,,,,,,,6000,,,,,,7.30e+00,46.6546,9.01e-01,7.58e+00,1.19e-01,2.5e+05,
iso_water_M24_s0.log,STEP,,,,-76.291536,,,,,,,,,,,6500,,,,,,5.20e+00,46.6930,9.24e-01,8.04e+00,1.15e-01,2.5e+05,
iso_water_M24_s0.log,RESULT_PARTIAL,water,,,-76.28027126,,179,,splat,,,,,,,7000,24,,,,,,,,,,,
iso_water_M24_s0.log,STEP,,,,-76.294558,,,,,,,,,,,7000,,,,,,4.67e+00,46.6996,8.08e-01,8.37e+00,9.65e-02,2.8e+05,
iso_water_M24_s0.log,STEP,,,,-76.301097,,,,,,,,,,,7500,,,,,,4.39e+00,46.6652,6.95e-01,1.02e+01,6.85e-02,3.1e+05,
iso_water_M24_s0.log,RESULT_PARTIAL,water,,,-76.30127600,,198,,splat,,,,,,,8000,24,,,,,,,,,,,
iso_water_M24_s0.log,STEP,,,,-76.315612,,,,,,,,,,,8000,,,,,,3.83e+00,46.6469,6.34e-01,1.30e+01,4.87e-02,3.6e+05,
iso_water_M24_s0.log,STEP,,,,-76.331633,,,,,,,,,,,8500,,,,,,2.58e+00,46.6494,8.38e-01,1.29e+01,6.52e-02,4.2e+05,
iso_water_M24_s0.log,RESULT_PARTIAL,water,,,-76.31839044,,215,,splat,,,,,,,9000,24,,,,,,,,,,,
iso_water_M24_s0.log,STEP,,,,-76.335703,,,,,,,,,,,9000,,,,,,2.01e+00,46.6673,8.42e-01,1.29e+01,6.52e-02,4.5e+05,
iso_water_M24_s0.log,STEP,,,,-76.338097,,,,,,,,,,,9500,,,,,,7.73e-02,46.6722,6.97e-01,1.30e+01,5.36e-02,4.8e+05,
iso_water_M24_s0.log,RESULT_PARTIAL,water,,,-76.32107971,,224,,splat,,,,,,,10000,24,,,,,,,,,,,
iso_water_M24_s0.log,STEP,,,,-76.340497,,,,,,,,,,,10000,,,,,,4.90e-02,46.6720,5.78e-01,1.32e+01,4.38e-02,5.6e+05,
iso_water_M24_s0.log,STEP,,,,-76.343317,,,,,,,,,,,10500,,,,,,2.76e-02,46.6658,4.86e-01,1.33e+01,3.67e-02,7.2e+05,
iso_water_M24_s0.log,RESULT_PARTIAL,water,,,-76.32515017,,233,,splat,,,,,,,11000,24,,,,,,,,,,,
iso_water_M24_s0.log,STEP,,,,-76.344374,,,,,,,,,,,11000,,,,,,2.87e-01,46.6585,3.76e-01,1.32e+01,2.85e-02,8.3e+05,
iso_water_M24_s0.log,STEP,,,,-76.344633,,,,,,,,,,,11500,,,,,,3.27e-03,46.6563,3.00e-01,1.33e+01,2.25e-02,8.7e+05,
iso_water_M24_s0.log,RESULT_PARTIAL,water,,,-76.32614249,,242,,splat,,,,,,,12000,24,,,,,,,,,,,
iso_water_M24_s0.log,STEP,,,,-76.344837,,,,,,,,,,,11999,,,,,,3.36e-03,46.6563,2.58e-01,1.35e+01,1.92e-02,8.9e+05,
iso_water_M24_s0.log,RESULT_PARTIAL,water,,24,-76.32614249,,245,,splat,,pbe,,,,,,24,12000,0,412,,,,,,,,
iso_water_M24_s0.log,RESULT,water,,24,-76.32614249,,259,,splat,,pbe,,,,,,24,12000,0,412,-76.32614275,,,,,,,0.00026390
iso_water_M24_s1.log,STEP,,,,355.207471,,,,,,,,,,,0,,,,,,1.37e+03,63.1164,5.86e-02,4.66e-01,1.26e-01,3.9e+03,
iso_water_M24_s1.log,STEP,,,,-74.973377,,,,,,,,,,,500,,,,,,1.87e+01,46.2020,1.14e-01,3.99e+00,2.85e-02,4.3e+04,
iso_water_M24_s1.log,RESULT_PARTIAL,water,,,-75.58925947,,76,,splat,,,,,,,1000,24,,,,,,,,,,,
iso_water_M24_s1.log,STEP,,,,-75.615811,,,,,,,,,,,1000,,,,,,1.93e+01,46.5713,1.88e-01,4.94e+00,3.81e-02,8.3e+04,
iso_water_M24_s1.log,STEP,,,,-75.852200,,,,,,,,,,,1500,,,,,,1.44e+01,46.5842,4.63e-01,5.47e+00,8.45e-02,1.1e+05,
iso_water_M24_s1.log,RESULT_PARTIAL,water,,,-76.06248138,,97,,splat,,,,,,,2000,24,,,,,,,,,,,
iso_water_M24_s1.log,STEP,,,,-76.086598,,,,,,,,,,,2000,,,,,,2.67e+01,46.6132,3.36e-01,7.57e+00,4.43e-02,1.5e+05,
iso_water_M24_s1.log,STEP,,,,-76.136252,,,,,,,,,,,2500,,,,,,2.40e+01,46.7463,5.73e-01,7.91e+00,7.25e-02,1.9e+05,
iso_water_M24_s1.log,RESULT_PARTIAL,water,,,-76.15574748,,106,,splat,,,,,,,3000,24,,,,,,,,,,,
iso_water_M24_s1.log,STEP,,,,-76.179832,,,,,,,,,,,3000,,,,,,1.05e+01,46.6527,5.24e-01,8.47e+00,6.19e-02,2.2e+05,
iso_water_M24_s1.log,STEP,,,,-76.188021,,,,,,,,,,,3500,,,,,,1.29e+01,46.6518,6.16e-01,7.98e+00,7.72e-02,2.3e+05,
iso_water_M24_s1.log,RESULT_PARTIAL,water,,,-76.16014845,,131,,splat,,,,,,,4000,24,,,,,,,,,,,
iso_water_M24_s1.log,STEP,,,,-76.177518,,,,,,,,,,,4000,,,,,,2.28e+01,46.6350,6.71e-01,8.23e+00,8.16e-02,2.1e+05,
iso_water_M24_s1.log,STEP,,,,-76.204577,,,,,,,,,,,4500,,,,,,9.12e+00,46.6650,8.81e-01,8.90e+00,9.89e-02,2.3e+05,
iso_water_M24_s1.log,RESULT_PARTIAL,water,,,-76.18698220,,150,,splat,,,,,,,5000,24,,,,,,,,,,,
iso_water_M24_s1.log,STEP,,,,-76.203039,,,,,,,,,,,5000,,,,,,9.65e+00,46.6493,9.83e-01,1.00e+01,9.82e-02,2.3e+05,
iso_water_M24_s1.log,STEP,,,,-76.202991,,,,,,,,,,,5500,,,,,,1.29e+01,46.6250,9.03e-01,1.03e+01,8.80e-02,2.4e+05,
iso_water_M24_s1.log,RESULT_PARTIAL,water,,,-76.19431164,,176,,splat,,,,,,,6000,24,,,,,,,,,,,
iso_water_M24_s1.log,STEP,,,,-76.210428,,,,,,,,,,,6000,,,,,,6.32e+00,46.6745,1.35e+00,1.26e+01,1.07e-01,2.4e+05,
iso_water_M24_s1.log,STEP,,,,-76.229864,,,,,,,,,,,6500,,,,,,5.00e+00,46.6608,1.06e+00,2.15e+01,4.94e-02,2.9e+05,
iso_water_M24_s1.log,RESULT_PARTIAL,water,,,-76.22199089,,196,,splat,,,,,,,7000,24,,,,,,,,,,,
iso_water_M24_s1.log,STEP,,,,-76.241806,,,,,,,,,,,7000,,,,,,4.74e+00,46.7164,1.68e+00,2.65e+01,6.32e-02,3.1e+05,
iso_water_M24_s1.log,STEP,,,,-76.264354,,,,,,,,,,,7500,,,,,,6.94e+00,46.6766,1.34e+00,2.94e+01,4.56e-02,3.6e+05,
iso_water_M24_s1.log,RESULT_PARTIAL,water,,,-76.25560345,,209,,splat,,,,,,,8000,24,,,,,,,,,,,
iso_water_M24_s1.log,STEP,,,,-76.273181,,,,,,,,,,,8000,,,,,,6.08e+00,46.7003,9.21e-01,2.92e+01,3.16e-02,3.9e+05,
iso_water_M24_s1.log,STEP,,,,-76.275479,,,,,,,,,,,8500,,,,,,1.26e+01,46.7041,5.94e-01,2.77e+01,2.15e-02,4.3e+05,
iso_water_M24_s1.log,RESULT_PARTIAL,water,,,-76.25206166,,218,,splat,,,,,,,9000,24,,,,,,,,,,,
iso_water_M24_s1.log,STEP,,,,-76.269293,,,,,,,,,,,9000,,,,,,1.37e+01,46.7209,6.27e-01,2.57e+01,2.44e-02,5.0e+05,
iso_water_M24_s1.log,STEP,,,,-76.281198,,,,,,,,,,,9500,,,,,,4.82e+00,46.7070,5.78e-01,2.47e+01,2.34e-02,6.2e+05,
iso_water_M24_s1.log,RESULT_PARTIAL,water,,,-76.26405414,,227,,splat,,,,,,,10000,24,,,,,,,,,,,
iso_water_M24_s1.log,STEP,,,,-76.281637,,,,,,,,,,,10000,,,,,,9.12e+00,46.7308,4.12e-01,2.30e+01,1.79e-02,8.9e+05,
iso_water_M24_s1.log,STEP,,,,-76.283007,,,,,,,,,,,10500,,,,,,3.39e+00,46.7118,5.10e-01,2.15e+01,2.37e-02,7.9e+05,
iso_water_M24_s1.log,RESULT_PARTIAL,water,,,-76.26642990,,240,,splat,,,,,,,11000,24,,,,,,,,,,,
iso_water_M24_s1.log,STEP,,,,-76.283990,,,,,,,,,,,11000,,,,,,2.16e+00,46.7098,4.45e-01,2.00e+01,2.22e-02,9.2e+05,
iso_water_M24_s1.log,STEP,,,,-76.284499,,,,,,,,,,,11500,,,,,,1.46e+00,46.6997,3.56e-01,1.83e+01,1.94e-02,1.1e+06,
iso_water_M24_s1.log,RESULT_PARTIAL,water,,,-76.26772901,,254,,splat,,,,,,,12000,24,,,,,,,,,,,
iso_water_M24_s1.log,STEP,,,,-76.285256,,,,,,,,,,,11999,,,,,,1.41e+00,46.6934,2.62e-01,1.67e+01,1.57e-02,1.5e+06,
iso_water_M24_s1.log,RESULT_PARTIAL,water,,24,-76.26772901,,256,,splat,,pbe,,,,,,24,12000,1,412,,,,,,,,
iso_water_M24_s1.log,RESULT,water,,24,-76.26772901,,270,,splat,,pbe,,,,,,24,12000,1,412,-76.26772917,,,,,,,0.00016439
iso_water_M48_s0.log,STEP,,,,290.668835,,,,,,,,,,,0,,,,,,1.09e+03,56.4207,1.20e-01,1.15e+00,1.04e-01,1.6e+05,
iso_water_M48_s0.log,STEP,,,,-76.050433,,,,,,,,,,,500,,,,,,1.00e+01,46.6171,6.43e-01,1.22e+01,5.27e-02,1.1e+10,
iso_water_M48_s0.log,RESULT_PARTIAL,water,,,-76.19501289,,84,,splat,,,,,,,1000,48,,,,,,,,,,,
iso_water_M48_s0.log,STEP,,,,-76.202715,,,,,,,,,,,1000,,,,,,1.56e+01,46.7133,1.01e+00,1.41e+01,7.21e-02,1.3e+08,
iso_water_M48_s0.log,STEP,,,,-76.282698,,,,,,,,,,,1500,,,,,,1.71e+01,46.7007,1.28e+00,1.71e+01,7.52e-02,1.3e+09,
iso_water_M48_s0.log,RESULT_PARTIAL,water,,,-76.30853636,,100,,splat,,,,,,,2000,48,,,,,,,,,,,
iso_water_M48_s0.log,STEP,,,,-76.317373,,,,,,,,,,,2000,,,,,,9.39e+00,46.6217,1.59e+00,2.08e+01,7.61e-02,1.9e+09,
iso_water_M48_s0.log,STEP,,,,-76.339645,,,,,,,,,,,2500,,,,,,6.75e+00,46.6563,2.12e+00,2.54e+01,8.35e-02,5.9e+08,
iso_water_M48_s0.log,RESULT_PARTIAL,water,,,-76.35154936,,137,,splat,,,,,,,3000,48,,,,,,,,,,,
iso_water_M48_s0.log,STEP,,,,-76.358248,,,,,,,,,,,3000,,,,,,3.16e+00,46.6146,2.27e+00,2.69e+01,8.45e-02,3.8e+09,
iso_water_M48_s0.log,STEP,,,,-76.363282,,,,,,,,,,,3500,,,,,,4.78e+00,46.6554,2.74e+00,2.93e+01,9.36e-02,6.3e+09,
iso_water_M48_s0.log,RESULT_PARTIAL,water,,,-76.36124158,,156,,splat,,,,,,,4000,48,,,,,,,,,,,
iso_water_M48_s0.log,STEP,,,,-76.367659,,,,,,,,,,,4000,,,,,,3.60e+00,46.6210,2.91e+00,2.97e+01,9.78e-02,4.4e+09,
iso_water_M48_s0.log,STEP,,,,-76.369766,,,,,,,,,,,4500,,,,,,3.49e+00,46.6646,2.25e+00,3.16e+01,7.13e-02,3.7e+09,
iso_water_M48_s0.log,RESULT_PARTIAL,water,,,-76.36534992,,186,,splat,,,,,,,5000,48,,,,,,,,,,,
iso_water_M48_s0.log,STEP,,,,-76.370740,,,,,,,,,,,5000,,,,,,3.32e+00,46.6624,2.54e+00,3.93e+01,6.47e-02,2.9e+09,
iso_water_M48_s0.log,STEP,,,,-76.291612,,,,,,,,,,,5500,,,,,,2.31e+01,46.6289,3.69e+00,3.76e+01,9.80e-02,2.6e+08,
iso_water_M48_s0.log,RESULT_PARTIAL,water,,,-76.36886695,,212,,splat,,,,,,,6000,48,,,,,,,,,,,
iso_water_M48_s0.log,STEP,,,,-76.374386,,,,,,,,,,,6000,,,,,,3.57e+00,46.6611,3.70e+00,4.28e+01,8.65e-02,3.1e+09,
iso_water_M48_s0.log,STEP,,,,-76.375995,,,,,,,,,,,6500,,,,,,2.61e+00,46.6659,3.28e+00,4.62e+01,7.10e-02,1.0e+09,
iso_water_M48_s0.log,RESULT_PARTIAL,water,,,-76.36864446,,234,,splat,,,,,,,7000,48,,,,,,,,,,,
iso_water_M48_s0.log,STEP,,,,-76.373435,,,,,,,,,,,7000,,,,,,8.43e+00,46.6616,4.28e+00,4.72e+01,9.07e-02,9.6e+08,
iso_water_M48_s0.log,STEP,,,,-76.381826,,,,,,,,,,,7500,,,,,,4.27e+00,46.6619,3.71e+00,5.11e+01,7.25e-02,7.1e+08,
iso_water_M48_s0.log,RESULT_PARTIAL,water,,,-76.37867754,,257,,splat,,,,,,,8000,48,,,,,,,,,,,
iso_water_M48_s0.log,STEP,,,,-76.383864,,,,,,,,,,,8000,,,,,,6.18e+00,46.6623,4.60e+00,5.25e+01,8.76e-02,7.5e+08,
iso_water_M48_s0.log,STEP,,,,-76.384130,,,,,,,,,,,8500,,,,,,5.63e+00,46.6634,4.42e+00,5.30e+01,8.34e-02,7.7e+08,
iso_water_M48_s0.log,RESULT_PARTIAL,water,,,-76.38019948,,270,,splat,,,,,,,9000,48,,,,,,,,,,,
iso_water_M48_s0.log,STEP,,,,-76.384407,,,,,,,,,,,9000,,,,,,4.59e+00,46.6658,4.24e+00,5.34e+01,7.93e-02,7.5e+08,
iso_water_M48_s0.log,STEP,,,,-76.384804,,,,,,,,,,,9500,,,,,,3.89e+00,46.6739,3.84e+00,5.47e+01,7.02e-02,6.0e+08,
iso_water_M48_s0.log,RESULT_PARTIAL,water,,,-76.38135967,,290,,splat,,,,,,,10000,48,,,,,,,,,,,
iso_water_M48_s0.log,STEP,,,,-76.385651,,,,,,,,,,,10000,,,,,,2.61e+00,46.6612,3.28e+00,5.52e+01,5.93e-02,3.3e+08,
iso_water_M48_s0.log,STEP,,,,-76.387139,,,,,,,,,,,10500,,,,,,1.90e+00,46.6563,2.86e+00,5.60e+01,5.11e-02,2.0e+08,
iso_water_M48_s0.log,RESULT_PARTIAL,water,,,-76.38231951,,312,,splat,,,,,,,11000,48,,,,,,,,,,,
iso_water_M48_s0.log,STEP,,,,-76.388197,,,,,,,,,,,11000,,,,,,1.25e+00,46.6533,2.24e+00,5.64e+01,3.97e-02,1.2e+08,
iso_water_M48_s0.log,STEP,,,,-76.388810,,,,,,,,,,,11500,,,,,,1.42e-03,46.6529,1.72e+00,5.67e+01,3.03e-02,8.4e+07,
iso_water_M48_s0.log,RESULT_PARTIAL,water,,,-76.38314817,,331,,splat,,,,,,,12000,48,,,,,,,,,,,
iso_water_M48_s0.log,STEP,,,,-76.389025,,,,,,,,,,,11999,,,,,,1.07e-03,46.6544,1.45e+00,5.64e+01,2.56e-02,7.3e+07,
iso_water_M48_s0.log,RESULT_PARTIAL,water,,24,-76.38314817,,333,,splat,,pbe,,,,,,48,12000,0,169,,,,,,,,
iso_water_M48_s0.log,RESULT,water,,24,-76.38314817,,349,,splat,,pbe,,,,,,48,12000,0,169,-76.38314839,,,,,,,0.00021096
iso_water_M48_s2.log,STEP,,,,271.026842,,,,,,,,,,,0,,,,,,7.28e+02,61.5783,2.79e-01,1.07e+00,2.62e-01,1.0e+05,
iso_water_M48_s2.log,STEP,,,,-76.001498,,,,,,,,,,,500,,,,,,1.82e+01,46.6860,1.03e+00,2.21e+01,4.68e-02,3.4e+08,
iso_water_M48_s2.log,RESULT_PARTIAL,water,,,-76.17400878,,74,,splat,,,,,,,1000,48,,,,,,,,,,,
iso_water_M48_s2.log,STEP,,,,-76.177351,,,,,,,,,,,1000,,,,,,1.56e+01,46.6521,1.03e+00,2.43e+01,4.25e-02,8.0e+08,
iso_water_M48_s2.log,STEP,,,,-76.295510,,,,,,,,,,,1500,,,,,,6.22e+00,46.7129,1.50e+00,2.49e+01,6.05e-02,5.4e+07,
iso_water_M48_s2.log,RESULT_PARTIAL,water,,,-76.34162834,,87,,splat,,,,,,,2000,48,,,,,,,,,,,
iso_water_M48_s2.log,STEP,,,,-76.346760,,,,,,,,,,,2000,,,,,,4.17e+00,46.7049,2.09e+00,2.38e+01,8.78e-02,3.0e+07,
iso_water_M48_s2.log,STEP,,,,-76.359844,,,,,,,,,,,2500,,,,,,4.37e+00,46.6255,1.93e+00,2.45e+01,7.90e-02,9.4e+07,
iso_water_M48_s2.log,RESULT_PARTIAL,water,,,-76.32957322,,107,,splat,,,,,,,3000,48,,,,,,,,,,,
iso_water_M48_s2.log,STEP,,,,-76.335435,,,,,,,,,,,3000,,,,,,9.83e+00,46.7443,2.02e+00,2.49e+01,8.12e-02,8.0e+06,
iso_water_M48_s2.log,STEP,,,,-76.370201,,,,,,,,,,,3500,,,,,,1.17e+00,46.6716,2.16e+00,2.66e+01,8.15e-02,5.9e+06,
iso_water_M48_s2.log,RESULT_PARTIAL,water,,,-76.36078402,,133,,splat,,,,,,,4000,48,,,,,,,,,,,
iso_water_M48_s2.log,STEP,,,,-76.366363,,,,,,,,,,,4000,,,,,,4.03e+00,46.6761,2.90e+00,2.76e+01,1.05e-01,3.5e+06,
iso_water_M48_s2.log,STEP,,,,-76.360221,,,,,,,,,,,4500,,,,,,6.21e+00,46.4841,2.69e+00,2.92e+01,9.21e-02,3.5e+06,
iso_water_M48_s2.log,RESULT_PARTIAL,water,,,-76.36547545,,144,,splat,,,,,,,5000,48,,,,,,,,,,,
iso_water_M48_s2.log,STEP,,,,-76.369509,,,,,,,,,,,5000,,,,,,3.90e+00,46.6652,3.44e+00,2.94e+01,1.17e-01,2.6e+06,
iso_water_M48_s2.log,STEP,,,,-76.367649,,,,,,,,,,,5500,,,,,,5.87e+00,46.6672,3.79e+00,3.01e+01,1.26e-01,2.1e+06,
iso_water_M48_s2.log,RESULT_PARTIAL,water,,,-76.36873627,,163,,splat,,,,,,,6000,48,,,,,,,,,,,
iso_water_M48_s2.log,STEP,,,,-76.373493,,,,,,,,,,,6000,,,,,,2.37e+00,46.6783,3.43e+00,3.17e+01,1.08e-01,2.2e+06,
iso_water_M48_s2.log,STEP,,,,-76.375220,,,,,,,,,,,6500,,,,,,3.50e+00,46.6658,4.00e+00,2.89e+01,1.38e-01,2.2e+06,
iso_water_M48_s2.log,RESULT_PARTIAL,water,,,-76.37210836,,179,,splat,,,,,,,7000,48,,,,,,,,,,,
iso_water_M48_s2.log,STEP,,,,-76.376293,,,,,,,,,,,7000,,,,,,4.56e+00,46.6699,4.27e+00,3.19e+01,1.34e-01,2.3e+06,
iso_water_M48_s2.log,STEP,,,,-76.378739,,,,,,,,,,,7500,,,,,,3.84e+00,46.6722,3.54e+00,3.06e+01,1.16e-01,2.4e+06,
iso_water_M48_s2.log,RESULT_PARTIAL,water,,,-76.37492271,,210,,splat,,,,,,,8000,48,,,,,,,,,,,
iso_water_M48_s2.log,STEP,,,,-76.379597,,,,,,,,,,,8000,,,,,,4.23e+00,46.6738,3.59e+00,2.83e+01,1.27e-01,2.2e+07,
iso_water_M48_s2.log,STEP,,,,-76.380083,,,,,,,,,,,8500,,,,,,5.55e+00,46.6779,3.27e+00,2.72e+01,1.20e-01,4.5e+07,
iso_water_M48_s2.log,RESULT_PARTIAL,water,,,-76.37602636,,233,,splat,,,,,,,9000,48,,,,,,,,,,,
iso_water_M48_s2.log,STEP,,,,-76.380216,,,,,,,,,,,9000,,,,,,3.54e+00,46.6803,3.15e+00,2.59e+01,1.22e-01,5.7e+07,
iso_water_M48_s2.log,STEP,,,,-76.380094,,,,,,,,,,,9500,,,,,,3.85e+00,46.6822,2.89e+00,2.65e+01,1.09e-01,4.1e+07,
iso_water_M48_s2.log,RESULT_PARTIAL,water,,,-76.37817107,,254,,splat,,,,,,,10000,48,,,,,,,,,,,
iso_water_M48_s2.log,STEP,,,,-76.380778,,,,,,,,,,,10000,,,,,,4.19e+00,46.6777,2.48e+00,2.87e+01,8.66e-02,7.5e+07,
iso_water_M48_s2.log,STEP,,,,-76.382758,,,,,,,,,,,10500,,,,,,3.75e+00,46.6749,2.00e+00,3.04e+01,6.57e-02,9.4e+07,
iso_water_M48_s2.log,RESULT_PARTIAL,water,,,-76.38029243,,273,,splat,,,,,,,11000,48,,,,,,,,,,,
iso_water_M48_s2.log,STEP,,,,-76.383884,,,,,,,,,,,11000,,,,,,2.21e+00,46.6686,1.40e+00,3.00e+01,4.67e-02,1.3e+08,
iso_water_M48_s2.log,STEP,,,,-76.384514,,,,,,,,,,,11500,,,,,,1.22e+00,46.6667,9.73e-01,2.86e+01,3.40e-02,1.5e+08,
iso_water_M48_s2.log,RESULT_PARTIAL,water,,,-76.38182574,,292,,splat,,,,,,,12000,48,,,,,,,,,,,
iso_water_M48_s2.log,STEP,,,,-76.384834,,,,,,,,,,,11999,,,,,,1.44e+00,46.6659,7.61e-01,2.71e+01,2.81e-02,1.8e+08,
iso_water_M48_s2.log,RESULT_PARTIAL,water,,24,-76.38182574,,295,,splat,,pbe,,,,,,48,12000,2,79,,,,,,,,
iso_water_M48_s2.log,RESULT,water,,24,-76.38182574,,309,,splat,,pbe,,,,,,48,12000,2,79,-76.38182537,,,,,,,-0.00037006
iso_water_M48_s1.log,STEP,,,,269.127891,,,,,,,,,,,0,,,,,,8.99e+02,58.1283,9.85e-02,8.78e-01,1.12e-01,4.7e+04,
iso_water_M48_s1.log,STEP,,,,-76.230871,,,,,,,,,,,500,,,,,,4.69e+00,46.7350,5.77e-01,2.23e+01,2.59e-02,6.2e+05,
iso_water_M48_s1.log,RESULT_PARTIAL,water,,,-76.30536051,,71,,splat,,,,,,,1000,48,,,,,,,,,,,
iso_water_M48_s1.log,STEP,,,,-76.312820,,,,,,,,,,,1000,,,,,,7.33e+00,46.7018,9.84e-01,2.22e+01,4.42e-02,4.1e+05,
iso_water_M48_s1.log,STEP,,,,-76.331874,,,,,,,,,,,1500,,,,,,5.90e+00,46.7174,1.23e+00,2.26e+01,5.43e-02,4.6e+05,
iso_water_M48_s1.log,RESULT_PARTIAL,water,,,-76.33356997,,84,,splat,,,,,,,2000,48,,,,,,,,,,,
iso_water_M48_s1.log,STEP,,,,-76.347133,,,,,,,,,,,2000,,,,,,4.93e+00,46.7101,1.29e+00,2.26e+01,5.74e-02,5.6e+05,
iso_water_M48_s1.log,STEP,,,,-76.349085,,,,,,,,,,,2500,,,,,,9.24e+00,46.6674,1.69e+00,2.21e+01,7.64e-02,7.0e+05,
iso_water_M48_s1.log,RESULT_PARTIAL,water,,,-76.35442381,,112,,splat,,,,,,,3000,48,,,,,,,,,,,
iso_water_M48_s1.log,STEP,,,,-76.361164,,,,,,,,,,,3000,,,,,,5.16e+00,46.6839,2.06e+00,2.13e+01,9.68e-02,8.1e+05,
iso_water_M48_s1.log,STEP,,,,-76.355491,,,,,,,,,,,3500,,,,,,6.48e+00,46.6889,2.25e+00,2.03e+01,1.11e-01,9.1e+05,
iso_water_M48_s1.log,RESULT_PARTIAL,water,,,-76.35899482,,127,,splat,,,,,,,4000,48,,,,,,,,,,,
iso_water_M48_s1.log,STEP,,,,-76.367583,,,,,,,,,,,4000,,,,,,3.74e+00,46.6632,2.74e+00,1.97e+01,1.39e-01,9.8e+05,
iso_water_M48_s1.log,STEP,,,,-76.367600,,,,,,,,,,,4500,,,,,,3.22e+00,46.6820,3.47e+00,1.96e+01,1.77e-01,1.1e+06,
iso_water_M48_s1.log,RESULT_PARTIAL,water,,,-76.35979317,,138,,splat,,,,,,,5000,48,,,,,,,,,,,
iso_water_M48_s1.log,STEP,,,,-76.368530,,,,,,,,,,,5000,,,,,,3.73e+00,46.6923,3.45e+00,1.96e+01,1.75e-01,1.2e+06,
iso_water_M48_s1.log,STEP,,,,-76.369165,,,,,,,,,,,5500,,,,,,2.92e+00,46.6072,3.74e+00,1.96e+01,1.90e-01,1.3e+06,
iso_water_M48_s1.log,RESULT_PARTIAL,water,,,-76.35841206,,156,,splat,,,,,,,6000,48,,,,,,,,,,,
iso_water_M48_s1.log,STEP,,,,-76.368022,,,,,,,,,,,6000,,,,,,4.07e+00,46.7290,3.42e+00,1.92e+01,1.78e-01,1.4e+06,
iso_water_M48_s1.log,STEP,,,,-76.374482,,,,,,,,,,,6500,,,,,,2.45e+00,46.6917,3.78e+00,1.95e+01,1.94e-01,1.6e+06,
iso_water_M48_s1.log,RESULT_PARTIAL,water,,,-76.36575621,,189,,splat,,,,,,,7000,48,,,,,,,,,,,
iso_water_M48_s1.log,STEP,,,,-76.374852,,,,,,,,,,,7000,,,,,,2.21e+00,46.6913,3.30e+00,1.81e+01,1.82e-01,1.8e+06,
iso_water_M48_s1.log,STEP,,,,-76.377117,,,,,,,,,,,7500,,,,,,2.54e+00,46.6850,2.97e+00,1.75e+01,1.70e-01,1.9e+06,
iso_water_M48_s1.log,RESULT_PARTIAL,water,,,-76.37001486,,223,,splat,,,,,,,8000,48,,,,,,,,,,,
iso_water_M48_s1.log,STEP,,,,-76.378774,,,,,,,,,,,8000,,,,,,3.86e+00,46.6829,3.19e+00,1.75e+01,1.82e-01,2.0e+06,
iso_water_M48_s1.log,STEP,,,,-76.381236,,,,,,,,,,,8500,,,,,,3.36e+00,46.6798,2.71e+00,1.72e+01,1.57e-01,2.1e+06,
iso_water_M48_s1.log,RESULT_PARTIAL,water,,,-76.37447951,,255,,splat,,,,,,,9000,48,,,,,,,,,,,
iso_water_M48_s1.log,STEP,,,,-76.383552,,,,,,,,,,,9000,,,,,,3.68e+00,46.6799,2.25e+00,1.75e+01,1.29e-01,2.4e+06,
iso_water_M48_s1.log,STEP,,,,-76.384539,,,,,,,,,,,9500,,,,,,5.06e+00,46.6805,2.59e+00,1.81e+01,1.43e-01,2.5e+06,
iso_water_M48_s1.log,RESULT_PARTIAL,water,,,-76.37667190,,272,,splat,,,,,,,10000,48,,,,,,,,,,,
iso_water_M48_s1.log,STEP,,,,-76.386507,,,,,,,,,,,10000,,,,,,3.26e+00,46.6807,2.31e+00,1.89e+01,1.22e-01,2.7e+06,
iso_water_M48_s1.log,STEP,,,,-76.387222,,,,,,,,,,,10500,,,,,,3.51e+00,46.6786,2.18e+00,1.94e+01,1.13e-01,2.9e+06,
iso_water_M48_s1.log,RESULT_PARTIAL,water,,,-76.37775834,,294,,splat,,,,,,,11000,48,,,,,,,,,,,
iso_water_M48_s1.log,STEP,,,,-76.387970,,,,,,,,,,,11000,,,,,,2.71e+00,46.6775,1.85e+00,1.97e+01,9.43e-02,3.0e+06,
iso_water_M48_s1.log,STEP,,,,-76.388443,,,,,,,,,,,11500,,,,,,1.63e+00,46.6765,1.57e+00,1.98e+01,7.93e-02,3.1e+06,
iso_water_M48_s1.log,RESULT_PARTIAL,water,,,-76.37868491,,312,,splat,,,,,,,12000,48,,,,,,,,,,,
iso_water_M48_s1.log,STEP,,,,-76.388781,,,,,,,,,,,11999,,,,,,1.30e+00,46.6756,1.35e+00,1.98e+01,6.82e-02,3.2e+06,
iso_water_M48_s1.log,RESULT_PARTIAL,water,,24,-76.37868491,,314,,splat,,pbe,,,,,,48,12000,1,79,,,,,,,,
iso_water_M48_s1.log,RESULT,water,,24,-76.37868491,,329,,splat,,pbe,,,,,,48,12000,1,79,-76.37868503,,,,,,,0.00011975
iso_water_M96_s0.log,STEP,,,,237.418021,,,,,,,,,,,0,,,,,,8.84e+02,54.6398,3.81e-01,2.64e+00,1.44e-01,1.7e+06,
iso_water_M96_s0.log,STEP,,,,-75.996166,,,,,,,,,,,500,,,,,,3.01e+01,46.7275,2.25e+00,2.23e+01,1.01e-01,1.3e+08,
iso_water_M96_s0.log,RESULT_PARTIAL,water,,,-76.22379678,,100,,splat,,,,,,,1000,96,,,,,,,,,,,
iso_water_M96_s0.log,STEP,,,,-76.225107,,,,,,,,,,,1000,,,,,,1.51e+01,46.6558,2.66e+00,2.40e+01,1.11e-01,3.0e+08,
iso_water_M96_s0.log,STEP,,,,-76.322268,,,,,,,,,,,1500,,,,,,9.05e+00,46.6586,4.61e+00,2.98e+01,1.54e-01,4.8e+08,
iso_water_M96_s0.log,RESULT_PARTIAL,water,,,-76.35202391,,148,,splat,,,,,,,2000,96,,,,,,,,,,,
iso_water_M96_s0.log,STEP,,,,-76.353054,,,,,,,,,,,2000,,,,,,6.16e+00,46.6635,6.30e+00,3.42e+01,1.84e-01,1.0e+09,
iso_water_M96_s0.log,STEP,,,,-76.365325,,,,,,,,,,,2500,,,,,,4.29e+00,46.6554,8.68e+00,3.76e+01,2.31e-01,3.2e+09,
iso_water_M96_s0.log,RESULT_PARTIAL,water,,,-76.36668178,,183,,splat,,,,,,,3000,96,,,,,,,,,,,
iso_water_M96_s0.log,STEP,,,,-76.367847,,,,,,,,,,,3000,,,,,,4.51e+00,46.6578,1.07e+01,4.10e+01,2.62e-01,3.6e+09,
iso_water_M96_s0.log,STEP,,,,-76.371181,,,,,,,,,,,3500,,,,,,4.02e+00,46.6589,1.32e+01,4.55e+01,2.89e-01,5.2e+09,
iso_water_M96_s0.log,RESULT_PARTIAL,water,,,-76.37212854,,232,,splat,,,,,,,4000,96,,,,,,,,,,,
iso_water_M96_s0.log,STEP,,,,-76.373689,,,,,,,,,,,4000,,,,,,3.47e+00,46.6637,1.44e+01,4.95e+01,2.91e-01,4.3e+09,
iso_water_M96_s0.log,STEP,,,,-76.353210,,,,,,,,,,,4500,,,,,,9.20e+00,46.6979,1.67e+01,5.69e+01,2.93e-01,2.8e+09,
iso_water_M96_s0.log,RESULT_PARTIAL,water,,,-76.37492894,,257,,splat,,,,,,,5000,96,,,,,,,,,,,
iso_water_M96_s0.log,STEP,,,,-76.375861,,,,,,,,,,,5000,,,,,,2.79e+00,46.7130,2.04e+01,6.21e+01,3.29e-01,4.9e+08,
iso_water_M96_s0.log,STEP,,,,-76.381249,,,,,,,,,,,5500,,,,,,2.09e+00,46.6595,1.79e+01,6.76e+01,2.64e-01,9.3e+08,
iso_water_M96_s0.log,RESULT_PARTIAL,water,,,-76.38356562,,285,,splat,,,,,,,6000,96,,,,,,,,,,,
iso_water_M96_s0.log,STEP,,,,-76.384559,,,,,,,,,,,6000,,,,,,2.43e+00,46.6619,2.15e+01,7.32e+01,2.94e-01,7.9e+08,
iso_water_M96_s0.log,STEP,,,,-76.387246,,,,,,,,,,,6500,,,,,,2.31e+00,46.6619,2.70e+01,7.68e+01,3.51e-01,1.1e+09,
iso_water_M96_s0.log,RESULT_PARTIAL,water,,,-76.37961666,,325,,splat,,,,,,,7000,96,,,,,,,,,,,
iso_water_M96_s0.log,STEP,,,,-76.380781,,,,,,,,,,,7000,,,,,,4.53e+00,46.6673,2.40e+01,7.98e+01,3.01e-01,1.0e+09,
iso_water_M96_s0.log,STEP,,,,-76.388843,,,,,,,,,,,7500,,,,,,1.95e+00,46.6596,2.30e+01,8.14e+01,2.83e-01,9.7e+08,
iso_water_M96_s0.log,RESULT_PARTIAL,water,,,-76.38820582,,348,,splat,,,,,,,8000,96,,,,,,,,,,,
iso_water_M96_s0.log,STEP,,,,-76.389273,,,,,,,,,,,8000,,,,,,1.89e+00,46.6582,2.73e+01,8.23e+01,3.32e-01,8.8e+08,
iso_water_M96_s0.log,STEP,,,,-76.387605,,,,,,,,,,,8500,,,,,,1.58e+00,46.6062,2.71e+01,8.22e+01,3.29e-01,1.2e+08,
iso_water_M96_s0.log,RESULT_PARTIAL,water,,,-76.38870131,,378,,splat,,,,,,,9000,96,,,,,,,,,,,
iso_water_M96_s0.log,STEP,,,,-76.389623,,,,,,,,,,,9000,,,,,,1.10e+00,46.6612,2.46e+01,8.20e+01,3.00e-01,5.7e+08,
iso_water_M96_s0.log,STEP,,,,-76.389799,,,,,,,,,,,9500,,,,,,4.54e-04,46.6609,2.11e+01,8.18e+01,2.58e-01,6.0e+08,
iso_water_M96_s0.log,RESULT_PARTIAL,water,,,-76.38904671,,411,,splat,,,,,,,10000,96,,,,,,,,,,,
iso_water_M96_s0.log,STEP,,,,-76.389833,,,,,,,,,,,10000,,,,,,3.85e-04,46.6605,1.90e+01,8.19e+01,2.32e-01,4.9e+08,
iso_water_M96_s0.log,STEP,,,,-76.389859,,,,,,,,,,,10500,,,,,,3.77e-04,46.6603,1.77e+01,8.19e+01,2.15e-01,4.6e+08,
iso_water_M96_s0.log,RESULT_PARTIAL,water,,,-76.38913757,,429,,splat,,,,,,,11000,96,,,,,,,,,,,
iso_water_M96_s0.log,STEP,,,,-76.389874,,,,,,,,,,,11000,,,,,,3.05e-04,46.6602,1.68e+01,8.21e+01,2.05e-01,4.9e+08,
iso_water_M96_s0.log,STEP,,,,-76.389881,,,,,,,,,,,11500,,,,,,2.89e-04,46.6601,1.63e+01,8.22e+01,1.98e-01,5.1e+08,
iso_water_M96_s0.log,RESULT_PARTIAL,water,,,-76.38917599,,450,,splat,,,,,,,12000,96,,,,,,,,,,,
iso_water_M96_s0.log,STEP,,,,-76.389886,,,,,,,,,,,11999,,,,,,2.73e-04,46.6601,1.59e+01,8.23e+01,1.93e-01,5.2e+08,
iso_water_M96_s0.log,RESULT_PARTIAL,water,,24,-76.38917599,,452,,splat,,pbe,,,,,,96,12000,0,153,,,,,,,,
iso_water_M96_s0.log,RESULT,water,,24,-76.38917599,,468,,splat,,pbe,,,,,,96,12000,0,153,-76.38917601,,,,,,,0.00001316
iso_water_M96_s1.log,STEP,,,,215.151341,,,,,,,,,,,0,,,,,,6.94e+02,52.1738,3.59e-01,2.33e+00,1.54e-01,2.7e+06,
iso_water_M96_s1.log,STEP,,,,-76.222512,,,,,,,,,,,500,,,,,,5.11e+00,46.7625,2.47e+00,4.35e+01,5.69e-02,4.5e+08,
iso_water_M96_s1.log,RESULT_PARTIAL,water,,,-76.32436229,,104,,splat,,,,,,,1000,96,,,,,,,,,,,
iso_water_M96_s1.log,STEP,,,,-76.325548,,,,,,,,,,,1000,,,,,,5.82e+00,46.6818,4.47e+00,4.13e+01,1.08e-01,2.3e+08,
iso_water_M96_s1.log,STEP,,,,-76.365157,,,,,,,,,,,1500,,,,,,3.83e+00,46.6931,4.80e+00,4.20e+01,1.14e-01,1.3e+09,
iso_water_M96_s1.log,RESULT_PARTIAL,water,,,-76.37069607,,144,,splat,,,,,,,2000,96,,,,,,,,,,,
iso_water_M96_s1.log,STEP,,,,-76.371609,,,,,,,,,,,2000,,,,,,2.78e+00,46.6635,6.26e+00,4.28e+01,1.46e-01,3.3e+09,
iso_water_M96_s1.log,STEP,,,,-76.370841,,,,,,,,,,,2500,,,,,,4.17e+00,46.6535,7.04e+00,4.47e+01,1.57e-01,8.1e+08,
iso_water_M96_s1.log,RESULT_PARTIAL,water,,,-76.36821868,,178,,splat,,,,,,,3000,96,,,,,,,,,,,
iso_water_M96_s1.log,STEP,,,,-76.369229,,,,,,,,,,,3000,,,,,,3.40e+00,46.5746,8.89e+00,4.53e+01,1.96e-01,6.2e+08,
iso_water_M96_s1.log,STEP,,,,-76.377308,,,,,,,,,,,3500,,,,,,2.41e+00,46.6470,9.62e+00,4.65e+01,2.07e-01,2.4e+10,
iso_water_M96_s1.log,RESULT_PARTIAL,water,,,-76.36672347,,212,,splat,,,,,,,4000,96,,,,,,,,,,,
iso_water_M96_s1.log,STEP,,,,-76.367862,,,,,,,,,,,4000,,,,,,2.58e+00,46.6463,1.08e+01,5.11e+01,2.12e-01,6.0e+09,
iso_water_M96_s1.log,STEP,,,,-76.381279,,,,,,,,,,,4500,,,,,,1.89e+00,46.6575,1.29e+01,5.40e+01,2.40e-01,2.8e+10,
iso_water_M96_s1.log,RESULT_PARTIAL,water,,,-76.38147460,,245,,splat,,,,,,,5000,96,,,,,,,,,,,
iso_water_M96_s1.log,STEP,,,,-76.382183,,,,,,,,,,,5000,,,,,,2.79e+00,46.6606,1.74e+01,5.67e+01,3.06e-01,5.3e+09,
iso_water_M96_s1.log,STEP,,,,-76.385315,,,,,,,,,,,5500,,,,,,2.34e+00,46.6599,1.64e+01,5.89e+01,2.78e-01,7.1e+09,
iso_water_M96_s1.log,RESULT_PARTIAL,water,,,-76.38518074,,276,,splat,,,,,,,6000,96,,,,,,,,,,,
iso_water_M96_s1.log,STEP,,,,-76.386025,,,,,,,,,,,6000,,,,,,3.52e+00,46.6613,2.11e+01,6.12e+01,3.45e-01,8.4e+09,
iso_water_M96_s1.log,STEP,,,,-76.387109,,,,,,,,,,,6500,,,,,,2.81e+00,46.6622,2.10e+01,6.35e+01,3.30e-01,5.3e+09,
iso_water_M96_s1.log,RESULT_PARTIAL,water,,,-76.38692859,,294,,splat,,,,,,,7000,96,,,,,,,,,,,
iso_water_M96_s1.log,STEP,,,,-76.387712,,,,,,,,,,,7000,,,,,,2.91e+00,46.6635,2.67e+01,6.86e+01,3.89e-01,7.4e+09,
iso_water_M96_s1.log,STEP,,,,-76.387416,,,,,,,,,,,7500,,,,,,1.95e+00,46.6576,2.59e+01,7.06e+01,3.66e-01,3.8e+09,
iso_water_M96_s1.log,RESULT_PARTIAL,water,,,-76.38796147,,327,,splat,,,,,,,8000,96,,,,,,,,,,,
iso_water_M96_s1.log,STEP,,,,-76.388903,,,,,,,,,,,8000,,,,,,1.44e+00,46.6588,2.43e+01,7.33e+01,3.31e-01,1.7e+10,
iso_water_M96_s1.log,STEP,,,,-76.388952,,,,,,,,,,,8500,,,,,,1.58e+00,46.6586,2.45e+01,7.41e+01,3.31e-01,1.7e+10,
iso_water_M96_s1.log,RESULT_PARTIAL,water,,,-76.38842856,,372,,splat,,,,,,,9000,96,,,,,,,,,,,
iso_water_M96_s1.log,STEP,,,,-76.389499,,,,,,,,,,,9000,,,,,,4.76e-02,46.6589,2.21e+01,7.50e+01,2.95e-01,2.5e+10,
iso_water_M96_s1.log,STEP,,,,-76.389628,,,,,,,,,,,9500,,,,,,6.86e-03,46.6583,1.89e+01,7.61e+01,2.48e-01,2.9e+10,
iso_water_M96_s1.log,RESULT_PARTIAL,water,,,-76.38871921,,407,,splat,,,,,,,10000,96,,,,,,,,,,,
iso_water_M96_s1.log,STEP,,,,-76.389651,,,,,,,,,,,10000,,,,,,4.29e-04,46.6582,1.70e+01,7.68e+01,2.21e-01,1.6e+10,
iso_water_M96_s1.log,STEP,,,,-76.389642,,,,,,,,,,,10500,,,,,,3.26e-04,46.6582,1.57e+01,7.74e+01,2.03e-01,1.6e+10,
iso_water_M96_s1.log,RESULT_PARTIAL,water,,,-76.38884193,,435,,splat,,,,,,,11000,96,,,,,,,,,,,
iso_water_M96_s1.log,STEP,,,,-76.389630,,,,,,,,,,,11000,,,,,,2.82e-04,46.6582,1.49e+01,7.79e+01,1.91e-01,1.7e+10,
iso_water_M96_s1.log,STEP,,,,-76.389621,,,,,,,,,,,11500,,,,,,2.60e-04,46.6582,1.44e+01,7.82e+01,1.84e-01,1.5e+10,
iso_water_M96_s1.log,RESULT_PARTIAL,water,,,-76.38888943,,458,,splat,,,,,,,12000,96,,,,,,,,,,,
iso_water_M96_s1.log,STEP,,,,-76.389617,,,,,,,,,,,11999,,,,,,2.46e-04,46.6582,1.41e+01,7.85e+01,1.79e-01,1.3e+10,
iso_water_M96_s1.log,RESULT_PARTIAL,water,,24,-76.38888943,,461,,splat,,pbe,,,,,,96,12000,1,137,,,,,,,,
iso_water_M96_s1.log,RESULT,water,,24,-76.38888943,,476,,splat,,pbe,,,,,,96,12000,1,137,-76.38888922,,,,,,,-0.00021642
iso_water_M96_s2.log,STEP,,,,206.208665,,,,,,,,,,,0,,,,,,7.17e+02,58.2322,3.89e-01,1.91e+00,2.03e-01,1.7e+06,
iso_water_M96_s2.log,STEP,,,,-76.210559,,,,,,,,,,,500,,,,,,7.67e+00,46.7474,2.69e+00,3.27e+01,8.23e-02,1.1e+09,
iso_water_M96_s2.log,RESULT_PARTIAL,water,,,-76.33362836,,92,,splat,,,,,,,1000,96,,,,,,,,,,,
iso_water_M96_s2.log,STEP,,,,-76.335674,,,,,,,,,,,1000,,,,,,4.50e+00,46.6713,4.12e+00,3.88e+01,1.06e-01,2.7e+09,
iso_water_M96_s2.log,STEP,,,,-76.358683,,,,,,,,,,,1500,,,,,,3.94e+00,46.6906,5.58e+00,4.33e+01,1.29e-01,2.3e+09,
iso_water_M96_s2.log,RESULT_PARTIAL,water,,,-76.36565805,,133,,splat,,,,,,,2000,96,,,,,,,,,,,
iso_water_M96_s2.log,STEP,,,,-76.367778,,,,,,,,,,,2000,,,,,,3.52e+00,46.6495,6.73e+00,4.52e+01,1.49e-01,6.9e+08,
iso_water_M96_s2.log,STEP,,,,-76.373410,,,,,,,,,,,2500,,,,,,2.61e+00,46.6546,6.67e+00,4.76e+01,1.40e-01,1.2e+09,
iso_water_M96_s2.log,RESULT_PARTIAL,water,,,-76.37233775,,168,,splat,,,,,,,3000,96,,,,,,,,,,,
iso_water_M96_s2.log,STEP,,,,-76.374397,,,,,,,,,,,3000,,,,,,2.55e+00,46.6394,8.26e+00,4.98e+01,1.66e-01,1.3e+09,
iso_water_M96_s2.log,STEP,,,,-76.376214,,,,,,,,,,,3500,,,,,,2.44e+00,46.6591,1.08e+01,5.36e+01,2.01e-01,8.8e+08,
iso_water_M96_s2.log,RESULT_PARTIAL,water,,,-76.37618582,,209,,splat,,,,,,,4000,96,,,,,,,,,,,
iso_water_M96_s2.log,STEP,,,,-76.377457,,,,,,,,,,,4000,,,,,,2.30e+00,46.6569,1.52e+01,5.50e+01,2.76e-01,1.3e+09,
iso_water_M96_s2.log,STEP,,,,-76.379909,,,,,,,,,,,4500,,,,,,2.43e+00,46.6599,1.50e+01,5.91e+01,2.54e-01,1.1e+09,
iso_water_M96_s2.log,RESULT_PARTIAL,water,,,-76.38186335,,255,,splat,,,,,,,5000,96,,,,,,,,,,,
iso_water_M96_s2.log,STEP,,,,-76.383323,,,,,,,,,,,5000,,,,,,2.34e+00,46.6620,2.06e+01,6.34e+01,3.25e-01,3.1e+09,
iso_water_M96_s2.log,STEP,,,,-76.386465,,,,,,,,,,,5500,,,,,,2.08e+00,46.6597,2.08e+01,6.73e+01,3.09e-01,3.5e+09,
iso_water_M96_s2.log,RESULT_PARTIAL,water,,,-76.38582600,,290,,splat,,,,,,,6000,96,,,,,,,,,,,
iso_water_M96_s2.log,STEP,,,,-76.387183,,,,,,,,,,,6000,,,,,,2.71e+00,46.6625,2.34e+01,6.97e+01,3.36e-01,3.0e+09,
iso_water_M96_s2.log,STEP,,,,-76.389304,,,,,,,,,,,6500,,,,,,1.93e+00,46.6647,2.20e+01,7.14e+01,3.08e-01,1.1e+09,
iso_water_M96_s2.log,RESULT_PARTIAL,water,,,-76.38761156,,321,,splat,,,,,,,7000,96,,,,,,,,,,,
iso_water_M96_s2.log,STEP,,,,-76.389340,,,,,,,,,,,7000,,,,,,1.78e+00,46.6539,2.63e+01,7.81e+01,3.37e-01,2.7e+09,
iso_water_M96_s2.log,STEP,,,,-76.390168,,,,,,,,,,,7500,,,,,,5.65e-01,46.6566,2.49e+01,8.10e+01,3.07e-01,3.6e+09,
iso_water_M96_s2.log,RESULT_PARTIAL,water,,,-76.38794822,,341,,splat,,,,,,,8000,96,,,,,,,,,,,
iso_water_M96_s2.log,STEP,,,,-76.390010,,,,,,,,,,,8000,,,,,,1.78e+00,46.6608,2.58e+01,8.34e+01,3.09e-01,6.1e+09,
iso_water_M96_s2.log,STEP,,,,-76.389712,,,,,,,,,,,8500,,,,,,1.01e+00,46.6326,2.52e+01,8.52e+01,2.96e-01,5.8e+08,
iso_water_M96_s2.log,RESULT_PARTIAL,water,,,-76.38852528,,360,,splat,,,,,,,9000,96,,,,,,,,,,,
iso_water_M96_s2.log,STEP,,,,-76.390824,,,,,,,,,,,9000,,,,,,6.49e-02,46.6583,2.10e+01,8.77e+01,2.40e-01,8.2e+08,
iso_water_M96_s2.log,STEP,,,,-76.391010,,,,,,,,,,,9500,,,,,,4.70e-04,46.6577,1.88e+01,8.94e+01,2.11e-01,2.3e+08,
iso_water_M96_s2.log,RESULT_PARTIAL,water,,,-76.38864483,,395,,splat,,,,,,,10000,96,,,,,,,,,,,
iso_water_M96_s2.log,STEP,,,,-76.391068,,,,,,,,,,,10000,,,,,,4.43e-04,46.6577,1.75e+01,9.07e+01,1.93e-01,3.0e+08,
iso_water_M96_s2.log,STEP,,,,-76.391100,,,,,,,,,,,10500,,,,,,4.45e-04,46.6577,1.68e+01,9.16e+01,1.83e-01,3.5e+08,
iso_water_M96_s2.log,RESULT_PARTIAL,water,,,-76.38872746,,420,,splat,,,,,,,11000,96,,,,,,,,,,,
iso_water_M96_s2.log,STEP,,,,-76.391128,,,,,,,,,,,11000,,,,,,4.51e-04,46.6577,1.63e+01,9.22e+01,1.77e-01,3.8e+08,
iso_water_M96_s2.log,STEP,,,,-76.391146,,,,,,,,,,,11500,,,,,,4.58e-04,46.6577,1.60e+01,9.25e+01,1.73e-01,3.8e+08,
iso_water_M96_s2.log,RESULT_PARTIAL,water,,,-76.38877106,,443,,splat,,,,,,,12000,96,,,,,,,,,,,
iso_water_M96_s2.log,STEP,,,,-76.391159,,,,,,,,,,,11999,,,,,,4.57e-04,46.6577,1.58e+01,9.27e+01,1.71e-01,3.4e+08,
iso_water_M96_s2.log,RESULT_PARTIAL,water,,24,-76.38877106,,446,,splat,,pbe,,,,,,96,12000,2,137,,,,,,,,
iso_water_M96_s2.log,RESULT,water,,24,-76.38877106,,462,,splat,,pbe,,,,,,96,12000,2,137,-76.38877090,,,,,,,-0.00016612
iso_water_M192_s1.log,STEP,,,,266.591412,,,,,,,,,,,0,,,,,,9.99e+02,57.6692,5.04e-01,6.21e+00,8.11e-02,2.3e+08,
iso_water_M192_s1.log,STEP,,,,-76.143820,,,,,,,,,,,500,,,,,,2.37e+01,46.8374,6.63e+00,5.49e+01,1.21e-01,7.3e+08,
iso_water_M192_s1.log,RESULT_PARTIAL,water,,,-76.28866890,,132,,splat,,,,,,,1000,192,,,,,,,,,,,
iso_water_M192_s1.log,STEP,,,,-76.289055,,,,,,,,,,,1000,,,,,,1.35e+01,46.7070,7.07e+00,7.11e+01,9.94e-02,3.0e+09,
iso_water_M192_s1.log,STEP,,,,-76.265089,,,,,,,,,,,1500,,,,,,2.17e+01,46.6778,1.12e+01,1.04e+02,1.08e-01,4.4e+09,
iso_water_M192_s1.log,RESULT_PARTIAL,water,,,-76.36841731,,216,,splat,,,,,,,2000,192,,,,,,,,,,,
iso_water_M192_s1.log,STEP,,,,-76.368697,,,,,,,,,,,2000,,,,,,3.14e+00,46.6620,2.16e+01,1.26e+02,1.71e-01,3.9e+09,
iso_water_M192_s1.log,STEP,,,,-76.368936,,,,,,,,,,,2500,,,,,,2.34e+00,46.6812,2.49e+01,1.64e+02,1.52e-01,1.0e+09,
iso_water_M192_s1.log,RESULT_PARTIAL,water,,,-76.37164318,,306,,splat,,,,,,,3000,192,,,,,,,,,,,
iso_water_M192_s1.log,STEP,,,,-76.371962,,,,,,,,,,,3000,,,,,,2.93e+00,46.6623,4.30e+01,1.74e+02,2.46e-01,3.0e+09,
iso_water_M192_s1.log,STEP,,,,-76.377243,,,,,,,,,,,3500,,,,,,2.43e+00,46.6615,3.88e+01,1.89e+02,2.05e-01,3.4e+10,
iso_water_M192_s1.log,RESULT_PARTIAL,water,,,-76.38109776,,377,,splat,,,,,,,4000,192,,,,,,,,,,,
iso_water_M192_s1.log,STEP,,,,-76.381349,,,,,,,,,,,4000,,,,,,2.07e+00,46.6589,3.71e+01,2.09e+02,1.78e-01,3.3e+10,
iso_water_M192_s1.log,STEP,,,,-76.385435,,,,,,,,,,,4500,,,,,,1.95e+00,46.6571,4.59e+01,2.27e+02,2.02e-01,1.1e+10,
iso_water_M192_s1.log,RESULT_PARTIAL,water,,,-76.38723291,,450,,splat,,,,,,,5000,192,,,,,,,,,,,
iso_water_M192_s1.log,STEP,,,,-76.387528,,,,,,,,,,,5000,,,,,,1.61e+00,46.6493,6.36e+01,2.49e+02,2.55e-01,8.3e+09,
iso_water_M192_s1.log,STEP,,,,-76.385849,,,,,,,,,,,5500,,,,,,2.22e+00,46.6734,6.16e+01,2.66e+02,2.32e-01,6.7e+09,
iso_water_M192_s1.log,RESULT_PARTIAL,water,,,-76.38763088,,540,,splat,,,,,,,6000,192,,,,,,,,,,,
iso_water_M192_s1.log,STEP,,,,-76.387888,,,,,,,,,,,6000,,,,,,1.65e+00,46.6547,8.18e+01,2.93e+02,2.79e-01,2.1e+10,
iso_water_M192_s1.log,STEP,,,,-76.388426,,,,,,,,,,,6500,,,,,,1.50e+00,46.6601,7.37e+01,3.04e+02,2.43e-01,6.8e+10,
iso_water_M192_s1.log,RESULT_PARTIAL,water,,,-76.38787251,,620,,splat,,,,,,,7000,192,,,,,,,,,,,
iso_water_M192_s1.log,STEP,,,,-76.388075,,,,,,,,,,,7000,,,,,,1.62e+00,46.6607,7.51e+01,3.07e+02,2.45e-01,7.0e+10,
iso_water_M192_s1.log,STEP,,,,-76.388983,,,,,,,,,,,7500,,,,,,1.51e+00,46.6653,7.05e+01,3.17e+02,2.23e-01,3.2e+10,
iso_water_M192_s1.log,RESULT_PARTIAL,water,,,-76.38953067,,677,,splat,,,,,,,8000,192,,,,,,,,,,,
iso_water_M192_s1.log,STEP,,,,-76.389700,,,,,,,,,,,8000,,,,,,2.59e-04,46.6603,7.62e+01,3.20e+02,2.38e-01,1.9e+10,
iso_water_M192_s1.log,STEP,,,,-76.389737,,,,,,,,,,,8500,,,,,,2.01e-02,46.6603,7.24e+01,3.25e+02,2.23e-01,6.2e+10,
iso_water_M192_s1.log,RESULT_PARTIAL,water,,,-76.38962305,,735,,splat,,,,,,,9000,192,,,,,,,,,,,
iso_water_M192_s1.log,STEP,,,,-76.389765,,,,,,,,,,,9000,,,,,,5.73e-04,46.6602,6.96e+01,3.29e+02,2.11e-01,1.3e+11,
iso_water_M192_s1.log,STEP,,,,-76.389793,,,,,,,,,,,9500,,,,,,1.59e-04,46.6603,6.74e+01,3.32e+02,2.03e-01,1.7e+11,
iso_water_M192_s1.log,RESULT_PARTIAL,water,,,-76.38971439,,808,,splat,,,,,,,10000,192,,,,,,,,,,,
iso_water_M192_s1.log,STEP,,,,-76.389839,,,,,,,,,,,10000,,,,,,1.40e-04,46.6603,6.58e+01,3.35e+02,1.96e-01,1.9e+11,
iso_water_M192_s1.log,STEP,,,,-76.389858,,,,,,,,,,,10500,,,,,,1.28e-04,46.6603,6.46e+01,3.37e+02,1.92e-01,2.0e+11,
iso_water_M192_s1.log,RESULT_PARTIAL,water,,,-76.38975218,,869,,splat,,,,,,,11000,192,,,,,,,,,,,
iso_water_M192_s1.log,STEP,,,,-76.389868,,,,,,,,,,,11000,,,,,,1.22e-04,46.6603,6.38e+01,3.39e+02,1.88e-01,2.2e+11,
iso_water_M192_s1.log,STEP,,,,-76.389873,,,,,,,,,,,11500,,,,,,1.19e-04,46.6603,6.32e+01,3.40e+02,1.86e-01,2.3e+11,
iso_water_M192_s1.log,RESULT_PARTIAL,water,,,-76.38976464,,925,,splat,,,,,,,12000,192,,,,,,,,,,,
iso_water_M192_s1.log,STEP,,,,-76.389877,,,,,,,,,,,11999,,,,,,1.17e-04,46.6603,6.29e+01,3.40e+02,1.85e-01,2.4e+11,
iso_water_M192_s1.log,RESULT_PARTIAL,water,,24,-76.38976464,,928,,splat,,pbe,,,,,,192,12000,1,264,,,,,,,,
iso_water_M192_s1.log,RESULT,water,,24,-76.38976464,,942,,splat,,pbe,,,,,,192,12000,1,264,-76.38959407,,,,,,,-0.17056780
iso_water_M192_s0.log,STEP,,,,180.277933,,,,,,,,,,,0,,,,,,6.69e+02,57.6339,9.28e-01,6.18e+00,1.50e-01,2.5e+08,
iso_water_M192_s0.log,STEP,,,,-76.144376,,,,,,,,,,,500,,,,,,1.59e+01,46.7599,6.93e+00,6.29e+01,1.10e-01,2.0e+09,
iso_water_M192_s0.log,RESULT_PARTIAL,water,,,-76.26183805,,147,,splat,,,,,,,1000,192,,,,,,,,,,,
iso_water_M192_s0.log,STEP,,,,-76.262049,,,,,,,,,,,1000,,,,,,1.97e+01,46.6754,8.18e+00,6.46e+01,1.27e-01,7.8e+09,
iso_water_M192_s0.log,STEP,,,,-76.318449,,,,,,,,,,,1500,,,,,,1.79e+01,46.6655,9.15e+00,8.05e+01,1.14e-01,1.0e+10,
iso_water_M192_s0.log,RESULT_PARTIAL,water,,,-76.36106696,,238,,splat,,,,,,,2000,192,,,,,,,,,,,
iso_water_M192_s0.log,STEP,,,,-76.361231,,,,,,,,,,,2000,,,,,,4.12e+00,46.6616,1.62e+01,1.04e+02,1.56e-01,4.2e+10,
iso_water_M192_s0.log,STEP,,,,-76.368592,,,,,,,,,,,2500,,,,,,2.16e+00,46.6158,3.05e+01,1.34e+02,2.27e-01,2.2e+09,
iso_water_M192_s0.log,RESULT_PARTIAL,water,,,-76.37300787,,323,,splat,,,,,,,3000,192,,,,,,,,,,,
iso_water_M192_s0.log,STEP,,,,-76.373153,,,,,,,,,,,3000,,,,,,2.51e+00,46.6533,3.47e+01,1.36e+02,2.56e-01,4.8e+09,
iso_water_M192_s0.log,STEP,,,,-76.380562,,,,,,,,,,,3500,,,,,,1.75e+00,46.6633,3.54e+01,1.41e+02,2.50e-01,8.1e+10,
iso_water_M192_s0.log,RESULT_PARTIAL,water,,,-76.38144391,,408,,splat,,,,,,,4000,192,,,,,,,,,,,
iso_water_M192_s0.log,STEP,,,,-76.381615,,,,,,,,,,,4000,,,,,,2.16e+00,46.6596,5.33e+01,1.51e+02,3.54e-01,5.9e+10,
iso_water_M192_s0.log,STEP,,,,-76.383851,,,,,,,,,,,4500,,,,,,2.34e+00,46.6582,5.45e+01,1.60e+02,3.42e-01,2.6e+11,
iso_water_M192_s0.log,RESULT_PARTIAL,water,,,-76.38651089,,494,,splat,,,,,,,5000,192,,,,,,,,,,,
iso_water_M192_s0.log,STEP,,,,-76.386634,,,,,,,,,,,5000,,,,,,1.87e+00,46.6624,6.38e+01,1.76e+02,3.62e-01,3.5e+10,
iso_water_M192_s0.log,STEP,,,,-76.387526,,,,,,,,,,,5500,,,,,,1.78e+00,46.6606,7.78e+01,1.88e+02,4.13e-01,4.1e+10,
iso_water_M192_s0.log,RESULT_PARTIAL,water,,,-76.38777011,,570,,splat,,,,,,,6000,192,,,,,,,,,,,
iso_water_M192_s0.log,STEP,,,,-76.387914,,,,,,,,,,,6000,,,,,,1.48e+00,46.6612,8.63e+01,2.00e+02,4.32e-01,2.0e+10,
iso_water_M192_s0.log,STEP,,,,-76.388957,,,,,,,,,,,6500,,,,,,8.64e-01,46.6535,9.55e+01,2.08e+02,4.59e-01,1.7e+10,
iso_water_M192_s0.log,RESULT_PARTIAL,water,,,-76.38943411,,664,,splat,,,,,,,7000,192,,,,,,,,,,,
iso_water_M192_s0.log,STEP,,,,-76.389582,,,,,,,,,,,7000,,,,,,3.65e-02,46.6600,9.41e+01,2.20e+02,4.27e-01,1.5e+10,
iso_water_M192_s0.log,STEP,,,,-76.389864,,,,,,,,,,,7500,,,,,,1.38e-01,46.6609,8.90e+01,2.24e+02,3.97e-01,1.8e+10,
iso_water_M192_s0.log,RESULT_PARTIAL,water,,,-76.38979653,,760,,splat,,,,,,,8000,192,,,,,,,,,,,
iso_water_M192_s0.log,STEP,,,,-76.389927,,,,,,,,,,,8000,,,,,,4.85e-01,46.6609,8.61e+01,2.27e+02,3.79e-01,1.8e+10,
iso_water_M192_s0.log,STEP,,,,-76.390051,,,,,,,,,,,8500,,,,,,2.17e-02,46.6607,8.33e+01,2.30e+02,3.62e-01,2.3e+10,
iso_water_M192_s0.log,RESULT_PARTIAL,water,,,-76.38997449,,846,,splat,,,,,,,9000,192,,,,,,,,,,,
iso_water_M192_s0.log,STEP,,,,-76.390090,,,,,,,,,,,9000,,,,,,1.76e-02,46.6607,8.02e+01,2.32e+02,3.45e-01,3.6e+10,
iso_water_M192_s0.log,STEP,,,,-76.390120,,,,,,,,,,,9500,,,,,,2.21e-04,46.6607,7.73e+01,2.34e+02,3.30e-01,2.3e+10,
iso_water_M192_s0.log,RESULT_PARTIAL,water,,,-76.39003581,,940,,splat,,,,,,,10000,192,,,,,,,,,,,
iso_water_M192_s0.log,STEP,,,,-76.390144,,,,,,,,,,,10000,,,,,,1.41e-04,46.6607,7.50e+01,2.36e+02,3.18e-01,2.1e+10,
iso_water_M192_s0.log,STEP,,,,-76.390186,,,,,,,,,,,10500,,,,,,1.49e-04,46.6607,7.33e+01,2.37e+02,3.10e-01,1.7e+10,
iso_water_M192_s0.log,RESULT_PARTIAL,water,,,-76.39012870,,1032,,splat,,,,,,,11000,192,,,,,,,,,,,
iso_water_M192_s0.log,STEP,,,,-76.390234,,,,,,,,,,,11000,,,,,,1.44e-04,46.6608,7.20e+01,2.37e+02,3.04e-01,3.0e+11,
iso_water_M192_s0.log,STEP,,,,-76.390249,,,,,,,,,,,11500,,,,,,1.14e-04,46.6608,7.12e+01,2.38e+02,3.00e-01,7.4e+10,
iso_water_M192_s0.log,RESULT_PARTIAL,water,,,-76.39015129,,1094,,splat,,,,,,,12000,192,,,,,,,,,,,
iso_water_M192_s0.log,STEP,,,,-76.390256,,,,,,,,,,,11999,,,,,,1.09e-04,46.6608,7.07e+01,2.38e+02,2.97e-01,3.5e+10,
iso_water_M192_s0.log,RESULT_PARTIAL,water,,24,-76.39015129,,1096,,splat,,pbe,,,,,,192,12000,0,264,,,,,,,,
iso_water_M192_s0.log,RESULT,water,,24,-76.39015129,,1110,,splat,,pbe,,,,,,192,12000,0,264,-76.38924047,,,,,,,-0.91081906
iso_water_M192_s2.log,STEP,,,,217.163764,,,,,,,,,,,0,,,,,,6.91e+02,57.3630,7.58e-01,4.02e+00,1.88e-01,1.4e+08,
iso_water_M192_s2.log,STEP,,,,-76.118512,,,,,,,,,,,500,,,,,,2.23e+01,46.7714,9.75e+00,4.43e+01,2.20e-01,8.6e+09,
iso_water_M192_s2.log,RESULT_PARTIAL,water,,,-76.30399975,,129,,splat,,,,,,,1000,192,,,,,,,,,,,
iso_water_M192_s2.log,STEP,,,,-76.304303,,,,,,,,,,,1000,,,,,,9.43e+00,46.6863,1.43e+01,6.58e+01,2.17e-01,3.1e+09,
iso_water_M192_s2.log,STEP,,,,-76.343722,,,,,,,,,,,1500,,,,,,4.64e+00,46.6756,1.87e+01,8.32e+01,2.25e-01,3.9e+09,
iso_water_M192_s2.log,RESULT_PARTIAL,water,,,-76.36850173,,218,,splat,,,,,,,2000,192,,,,,,,,,,,
iso_water_M192_s2.log,STEP,,,,-76.368788,,,,,,,,,,,2000,,,,,,2.53e+00,46.6640,3.21e+01,1.18e+02,2.71e-01,2.3e+09,
iso_water_M192_s2.log,STEP,,,,-76.372614,,,,,,,,,,,2500,,,,,,3.24e+00,46.6647,3.12e+01,1.31e+02,2.39e-01,1.2e+09,
iso_water_M192_s2.log,RESULT_PARTIAL,water,,,-76.37755187,,315,,splat,,,,,,,3000,192,,,,,,,,,,,
iso_water_M192_s2.log,STEP,,,,-76.377764,,,,,,,,,,,3000,,,,,,1.50e+00,46.6315,3.50e+01,1.45e+02,2.42e-01,8.8e+09,
iso_water_M192_s2.log,STEP,,,,-76.377313,,,,,,,,,,,3500,,,,,,2.89e+00,46.6682,3.77e+01,1.60e+02,2.36e-01,9.6e+09,
iso_water_M192_s2.log,RESULT_PARTIAL,water,,,-76.38268742,,410,,splat,,,,,,,4000,192,,,,,,,,,,,
iso_water_M192_s2.log,STEP,,,,-76.382861,,,,,,,,,,,4000,,,,,,2.00e+00,46.6641,5.02e+01,1.72e+02,2.93e-01,1.3e+10,
iso_water_M192_s2.log,STEP,,,,-76.384471,,,,,,,,,,,4500,,,,,,1.53e+00,46.6489,5.70e+01,1.79e+02,3.18e-01,3.4e+09,
iso_water_M192_s2.log,RESULT_PARTIAL,water,,,-76.38322296,,500,,splat,,,,,,,5000,192,,,,,,,,,,,
iso_water_M192_s2.log,STEP,,,,-76.383384,,,,,,,,,,,5000,,,,,,2.79e+00,46.6362,6.55e+01,2.18e+02,3.01e-01,4.3e+09,
iso_water_M192_s2.log,STEP,,,,-76.387641,,,,,,,,,,,5500,,,,,,1.60e+00,46.6591,6.69e+01,2.18e+02,3.07e-01,1.0e+10,
iso_water_M192_s2.log,RESULT_PARTIAL,water,,,-76.38766499,,578,,splat,,,,,,,6000,192,,,,,,,,,,,
iso_water_M192_s2.log,STEP,,,,-76.387851,,,,,,,,,,,6000,,,,,,1.52e+00,46.6595,6.53e+01,2.28e+02,2.87e-01,1.1e+10,
iso_water_M192_s2.log,STEP,,,,-76.388850,,,,,,,,,,,6500,,,,,,1.19e+00,46.6612,6.99e+01,2.37e+02,2.94e-01,1.3e+10,
iso_water_M192_s2.log,RESULT_PARTIAL,water,,,-76.38976079,,666,,splat,,,,,,,7000,192,,,,,,,,,,,
iso_water_M192_s2.log,STEP,,,,-76.389921,,,,,,,,,,,7000,,,,,,1.72e-02,46.6604,8.85e+01,2.38e+02,3.72e-01,1.4e+11,
iso_water_M192_s2.log,STEP,,,,-76.390102,,,,,,,,,,,7500,,,,,,1.10e-02,46.6606,8.14e+01,2.41e+02,3.38e-01,4.1e+10,
iso_water_M192_s2.log,RESULT_PARTIAL,water,,,-76.39002091,,752,,splat,,,,,,,8000,192,,,,,,,,,,,
iso_water_M192_s2.log,STEP,,,,-76.390171,,,,,,,,,,,8000,,,,,,6.16e-02,46.6605,7.74e+01,2.43e+02,3.18e-01,5.9e+10,
iso_water_M192_s2.log,STEP,,,,-76.390206,,,,,,,,,,,8500,,,,,,6.57e-03,46.6606,7.47e+01,2.46e+02,3.04e-01,1.2e+11,
iso_water_M192_s2.log,RESULT_PARTIAL,water,,,-76.39009258,,828,,splat,,,,,,,9000,192,,,,,,,,,,,
iso_water_M192_s2.log,STEP,,,,-76.390225,,,,,,,,,,,9000,,,,,,1.60e-04,46.6606,7.20e+01,2.48e+02,2.90e-01,1.8e+11,
iso_water_M192_s2.log,STEP,,,,-76.390236,,,,,,,,,,,9500,,,,,,1.31e-04,46.6606,6.93e+01,2.50e+02,2.77e-01,2.0e+11,
iso_water_M192_s2.log,RESULT_PARTIAL,water,,,-76.39012595,,898,,splat,,,,,,,10000,192,,,,,,,,,,,
iso_water_M192_s2.log,STEP,,,,-76.390244,,,,,,,,,,,10000,,,,,,1.16e-04,46.6607,6.72e+01,2.52e+02,2.67e-01,1.9e+11,
iso_water_M192_s2.log,STEP,,,,-76.390249,,,,,,,,,,,10500,,,,,,1.06e-04,46.6607,6.57e+01,2.53e+02,2.60e-01,1.7e+11,
iso_water_M192_s2.log,RESULT_PARTIAL,water,,,-76.39014230,,967,,splat,,,,,,,11000,192,,,,,,,,,,,
iso_water_M192_s2.log,STEP,,,,-76.390253,,,,,,,,,,,11000,,,,,,9.87e-05,46.6607,6.47e+01,2.54e+02,2.55e-01,1.7e+11,
iso_water_M192_s2.log,STEP,,,,-76.390256,,,,,,,,,,,11500,,,,,,9.46e-05,46.6607,6.40e+01,2.54e+02,2.52e-01,1.7e+11,
iso_water_M192_s2.log,RESULT_PARTIAL,water,,,-76.39014959,,1030,,splat,,,,,,,12000,192,,,,,,,,,,,
iso_water_M192_s2.log,STEP,,,,-76.390258,,,,,,,,,,,11999,,,,,,9.19e-05,46.6607,6.36e+01,2.54e+02,2.50e-01,1.7e+11,
iso_water_M192_s2.log,RESULT_PARTIAL,water,,24,-76.39014959,,1032,,splat,,pbe,,,,,,192,12000,2,264,,,,,,,,
iso_water_M192_s2.log,RESULT,water,,24,-76.39014959,,1047,,splat,,pbe,,,,,,192,12000,2,264,-76.38942722,,,,,,,-0.72236853
iso_ethanol_M72_s0.log,STEP,,,,673.600190,,,,,,,,,,,0,,,,,,9.97e+02,172.4151,1.66e-01,2.01e+00,8.26e-02,1.2e+04,
iso_ethanol_M72_s0.log,STEP,,,,-153.842236,,,,,,,,,,,500,,,,,,8.48e+00,156.2403,5.50e-01,1.88e+01,2.93e-02,2.6e+05,
iso_ethanol_M72_s0.log,RESULT_PARTIAL,ethanol,,,-154.09245968,,103,,splat,,,,,,,1000,72,,,,,,,,,,,
iso_ethanol_M72_s0.log,STEP,,,,-154.141495,,,,,,,,,,,1000,,,,,,1.04e+01,156.4400,5.63e-01,1.95e+01,2.89e-02,1.3e+05,
iso_ethanol_M72_s0.log,STEP,,,,-154.278497,,,,,,,,,,,1500,,,,,,1.22e+01,156.3612,7.05e-01,2.09e+01,3.37e-02,2.5e+05,
iso_ethanol_M72_s0.log,RESULT_PARTIAL,ethanol,,,-154.29884126,,156,,splat,,,,,,,2000,72,,,,,,,,,,,
iso_ethanol_M72_s0.log,STEP,,,,-154.355540,,,,,,,,,,,2000,,,,,,7.55e+00,156.3184,1.21e+00,2.09e+01,5.77e-02,2.9e+05,
iso_ethanol_M72_s0.log,STEP,,,,-154.381889,,,,,,,,,,,2500,,,,,,5.70e+00,156.3211,1.15e+00,2.07e+01,5.54e-02,3.1e+05,
iso_ethanol_M72_s0.log,RESULT_PARTIAL,ethanol,,,-154.42642808,,190,,splat,,,,,,,3000,72,,,,,,,,,,,
iso_ethanol_M72_s0.log,STEP,,,,-154.488908,,,,,,,,,,,3000,,,,,,5.26e+00,156.4473,1.25e+00,2.26e+01,5.54e-02,3.4e+05,
iso_ethanol_M72_s0.log,STEP,,,,-154.623056,,,,,,,,,,,3500,,,,,,4.21e+00,156.6689,1.28e+00,2.16e+01,5.90e-02,4.3e+05,
iso_ethanol_M72_s0.log,RESULT_PARTIAL,ethanol,,,-154.57672616,,235,,splat,,,,,,,4000,72,,,,,,,,,,,
iso_ethanol_M72_s0.log,STEP,,,,-154.626159,,,,,,,,,,,4000,,,,,,6.71e+00,156.5110,1.46e+00,2.23e+01,6.53e-02,4.5e+05,
iso_ethanol_M72_s0.log,STEP,,,,-154.662752,,,,,,,,,,,4500,,,,,,3.91e+00,156.5459,1.79e+00,2.22e+01,8.08e-02,4.6e+05,
iso_ethanol_M72_s0.log,RESULT_PARTIAL,ethanol,,,-154.62223240,,266,,splat,,,,,,,5000,72,,,,,,,,,,,
iso_ethanol_M72_s0.log,STEP,,,,-154.663091,,,,,,,,,,,5000,,,,,,6.36e+00,156.6469,1.80e+00,2.37e+01,7.63e-02,4.7e+05,
iso_ethanol_M72_s0.log,STEP,,,,-154.663681,,,,,,,,,,,5500,,,,,,5.65e+00,156.6272,2.13e+00,2.39e+01,8.91e-02,4.8e+05,
iso_ethanol_M72_s0.log,RESULT_PARTIAL,ethanol,,,-154.62933292,,289,,splat,,,,,,,6000,72,,,,,,,,,,,
iso_ethanol_M72_s0.log,STEP,,,,-154.672413,,,,,,,,,,,6000,,,,,,3.52e+00,156.6487,1.51e+00,2.47e+01,6.09e-02,4.8e+05,
iso_ethanol_M72_s0.log,STEP,,,,-154.672919,,,,,,,,,,,6500,,,,,,5.80e+00,156.6437,1.66e+00,2.67e+01,6.21e-02,5.2e+05,
iso_ethanol_M72_s0.log,RESULT_PARTIAL,ethanol,,,-154.63834578,,337,,splat,,,,,,,7000,72,,,,,,,,,,,
iso_ethanol_M72_s0.log,STEP,,,,-154.673081,,,,,,,,,,,7000,,,,,,3.51e+00,156.6937,2.22e+00,2.46e+01,9.03e-02,5.4e+05,
iso_ethanol_M72_s0.log,STEP,,,,-154.680909,,,,,,,,,,,7500,,,,,,4.58e+00,156.6523,1.62e+00,2.51e+01,6.44e-02,5.6e+05,
iso_ethanol_M72_s0.log,RESULT_PARTIAL,ethanol,,,-154.65263669,,372,,splat,,,,,,,8000,72,,,,,,,,,,,
iso_ethanol_M72_s0.log,STEP,,,,-154.690210,,,,,,,,,,,8000,,,,,,2.38e+00,156.6532,1.93e+00,3.13e+01,6.17e-02,5.5e+05,
iso_ethanol_M72_s0.log,STEP,,,,-154.698857,,,,,,,,,,,8500,,,,,,2.14e+00,156.6932,1.55e+00,5.12e+01,3.03e-02,5.6e+05,
iso_ethanol_M72_s0.log,RESULT_PARTIAL,ethanol,,,-154.67111826,,398,,splat,,,,,,,9000,72,,,,,,,,,,,
iso_ethanol_M72_s0.log,STEP,,,,-154.714829,,,,,,,,,,,9000,,,,,,3.21e+00,156.6419,1.16e+00,7.15e+01,1.62e-02,6.6e+05,
iso_ethanol_M72_s0.log,STEP,,,,-154.725697,,,,,,,,,,,9500,,,,,,2.13e+00,156.5903,9.96e-01,6.80e+01,1.47e-02,8.6e+05,
iso_ethanol_M72_s0.log,RESULT_PARTIAL,ethanol,,,-154.68143631,,425,,splat,,,,,,,10000,72,,,,,,,,,,,
iso_ethanol_M72_s0.log,STEP,,,,-154.725905,,,,,,,,,,,10000,,,,,,1.54e+00,156.5879,9.35e-01,6.54e+01,1.43e-02,8.8e+05,
iso_ethanol_M72_s0.log,STEP,,,,-154.726037,,,,,,,,,,,10500,,,,,,1.39e+00,156.5835,8.14e-01,6.28e+01,1.30e-02,8.8e+05,
iso_ethanol_M72_s0.log,RESULT_PARTIAL,ethanol,,,-154.68302419,,445,,splat,,,,,,,11000,72,,,,,,,,,,,
iso_ethanol_M72_s0.log,STEP,,,,-154.726945,,,,,,,,,,,11000,,,,,,9.53e-03,156.5545,7.00e-01,6.27e+01,1.12e-02,8.8e+05,
iso_ethanol_M72_s0.log,STEP,,,,-154.726304,,,,,,,,,,,11500,,,,,,2.71e-03,156.5245,7.86e-01,6.60e+01,1.19e-02,8.9e+05,
iso_ethanol_M72_s0.log,RESULT_PARTIAL,ethanol,,,-154.68617475,,466,,splat,,,,,,,12000,72,,,,,,,,,,,
iso_ethanol_M72_s0.log,STEP,,,,-154.725472,,,,,,,,,,,11999,,,,,,2.06e-03,156.5294,8.48e-01,6.79e+01,1.25e-02,8.9e+05,
iso_ethanol_M72_s0.log,RESULT_PARTIAL,ethanol,,72,-154.68617475,,468,,splat,,pbe,,,,,,72,12000,0,1147,,,,,,,,
iso_ethanol_M72_s0.log,RESULT,ethanol,,72,-154.68617475,,488,,splat,,pbe,,,,,,72,12000,0,1147,-154.68618805,,,,,,,0.01329624
iso_ethanol_M72_s1.log,STEP,,,,711.631172,,,,,,,,,,,0,,,,,,9.82e+02,172.3020,1.67e-01,2.53e+00,6.59e-02,7.0e+03,
iso_ethanol_M72_s1.log,STEP,,,,-153.837115,,,,,,,,,,,500,,,,,,8.06e+00,156.2313,5.06e-01,2.29e+01,2.22e-02,8.2e+04,
iso_ethanol_M72_s1.log,RESULT_PARTIAL,ethanol,,,-153.98838256,,100,,splat,,,,,,,1000,72,,,,,,,,,,,
iso_ethanol_M72_s1.log,STEP,,,,-154.046510,,,,,,,,,,,1000,,,,,,8.97e+00,156.5800,4.68e-01,2.60e+01,1.80e-02,1.2e+05,
iso_ethanol_M72_s1.log,STEP,,,,-154.212637,,,,,,,,,,,1500,,,,,,6.85e+00,156.4478,6.50e-01,2.58e+01,2.52e-02,1.5e+05,
iso_ethanol_M72_s1.log,RESULT_PARTIAL,ethanol,,,-154.38773824,,154,,splat,,,,,,,2000,72,,,,,,,,,,,
iso_ethanol_M72_s1.log,STEP,,,,-154.454450,,,,,,,,,,,2000,,,,,,8.12e+00,156.5595,9.37e-01,2.93e+01,3.20e-02,2.7e+05,
iso_ethanol_M72_s1.log,STEP,,,,-154.513611,,,,,,,,,,,2500,,,,,,9.69e+00,156.5611,1.18e+00,2.86e+01,4.11e-02,2.7e+05,
iso_ethanol_M72_s1.log,RESULT_PARTIAL,ethanol,,,-154.52911534,,204,,splat,,,,,,,3000,72,,,,,,,,,,,
iso_ethanol_M72_s1.log,STEP,,,,-154.591167,,,,,,,,,,,3000,,,,,,1.03e+01,156.5751,1.09e+00,2.38e+01,4.60e-02,3.0e+05,
iso_ethanol_M72_s1.log,STEP,,,,-154.612610,,,,,,,,,,,3500,,,,,,4.26e+00,156.5286,1.45e+00,2.13e+01,6.79e-02,2.9e+05,
iso_ethanol_M72_s1.log,RESULT_PARTIAL,ethanol,,,-154.57621094,,243,,splat,,,,,,,4000,72,,,,,,,,,,,
iso_ethanol_M72_s1.log,STEP,,,,-154.616274,,,,,,,,,,,4000,,,,,,5.89e+00,156.6740,1.65e+00,2.34e+01,7.07e-02,2.9e+05,
iso_ethanol_M72_s1.log,STEP,,,,-154.657370,,,,,,,,,,,4500,,,,,,6.04e+00,156.7123,1.84e+00,2.59e+01,7.10e-02,4.4e+05,
iso_ethanol_M72_s1.log,RESULT_PARTIAL,ethanol,,,-154.61745336,,298,,splat,,,,,,,5000,72,,,,,,,,,,,
iso_ethanol_M72_s1.log,STEP,,,,-154.657077,,,,,,,,,,,5000,,,,,,7.18e+00,156.6769,1.71e+00,2.76e+01,6.20e-02,5.0e+05,
iso_ethanol_M72_s1.log,STEP,,,,-154.675117,,,,,,,,,,,5500,,,,,,6.00e+00,156.6569,2.52e+00,2.90e+01,8.71e-02,5.3e+05,
iso_ethanol_M72_s1.log,RESULT_PARTIAL,ethanol,,,-154.63244136,,344,,splat,,,,,,,6000,72,,,,,,,,,,,
iso_ethanol_M72_s1.log,STEP,,,,-154.679504,,,,,,,,,,,6000,,,,,,4.23e+00,156.6263,2.41e+00,2.88e+01,8.40e-02,5.7e+05,
iso_ethanol_M72_s1.log,STEP,,,,-154.695379,,,,,,,,,,,6500,,,,,,3.18e+00,156.6092,2.12e+00,2.92e+01,7.27e-02,5.8e+05,
iso_ethanol_M72_s1.log,RESULT_PARTIAL,ethanol,,,-154.64926591,,378,,splat,,,,,,,7000,72,,,,,,,,,,,
iso_ethanol_M72_s1.log,STEP,,,,-154.699774,,,,,,,,,,,7000,,,,,,2.46e+00,156.6388,2.50e+00,2.90e+01,8.61e-02,5.8e+05,
iso_ethanol_M72_s1.log,STEP,,,,-154.705251,,,,,,,,,,,7500,,,,,,3.41e+00,156.6021,2.22e+00,3.68e+01,6.01e-02,6.1e+05,
iso_ethanol_M72_s1.log,RESULT_PARTIAL,ethanol,,,-154.66824765,,406,,splat,,,,,,,8000,72,,,,,,,,,,,
iso_ethanol_M72_s1.log,STEP,,,,-154.711388,,,,,,,,,,,8000,,,,,,2.09e+00,156.6099,2.25e+00,5.88e+01,3.82e-02,6.0e+05,
iso_ethanol_M72_s1.log,STEP,,,,-154.715015,,,,,,,,,,,8500,,,,,,2.10e+00,156.6226,2.17e+00,7.81e+01,2.77e-02,6.0e+05,
iso_ethanol_M72_s1.log,RESULT_PARTIAL,ethanol,,,-154.67569907,,431,,splat,,,,,,,9000,72,,,,,,,,,,,
iso_ethanol_M72_s1.log,STEP,,,,-154.719275,,,,,,,,,,,9000,,,,,,1.27e+00,156.6274,1.99e+00,8.82e+01,2.26e-02,6.3e+05,
iso_ethanol_M72_s1.log,STEP,,,,-154.725242,,,,,,,,,,,9500,,,,,,1.26e+00,156.6009,1.81e+00,9.54e+01,1.90e-02,7.1e+05,
iso_ethanol_M72_s1.log,RESULT_PARTIAL,ethanol,,,-154.68393814,,471,,splat,,,,,,,10000,72,,,,,,,,,,,
iso_ethanol_M72_s1.log,STEP,,,,-154.731100,,,,,,,,,,,10000,,,,,,1.60e-02,156.5641,1.53e+00,1.01e+02,1.52e-02,7.2e+05,
iso_ethanol_M72_s1.log,STEP,,,,-154.743728,,,,,,,,,,,10500,,,,,,1.08e+00,156.5463,1.11e+00,1.04e+02,1.07e-02,9.7e+05,
iso_ethanol_M72_s1.log,RESULT_PARTIAL,ethanol,,,-154.70344169,,494,,splat,,,,,,,11000,72,,,,,,,,,,,
iso_ethanol_M72_s1.log,STEP,,,,-154.746578,,,,,,,,,,,11000,,,,,,4.12e-03,156.5530,9.41e-01,1.02e+02,9.24e-03,1.0e+06,
iso_ethanol_M72_s1.log,STEP,,,,-154.748304,,,,,,,,,,,11500,,,,,,3.36e-03,156.5487,9.00e-01,9.98e+01,9.02e-03,1.0e+06,
iso_ethanol_M72_s1.log,RESULT_PARTIAL,ethanol,,,-154.70478106,,520,,splat,,,,,,,12000,72,,,,,,,,,,,
iso_ethanol_M72_s1.log,STEP,,,,-154.749227,,,,,,,,,,,11999,,,,,,2.96e-03,156.5467,8.84e-01,9.83e+01,9.00e-03,1.0e+06,
iso_ethanol_M72_s1.log,RESULT_PARTIAL,ethanol,,72,-154.70478106,,523,,splat,,pbe,,,,,,72,12000,1,1147,,,,,,,,
iso_ethanol_M72_s1.log,RESULT,ethanol,,72,-154.70478106,,541,,splat,,pbe,,,,,,72,12000,1,1147,-154.70479248,,,,,,,0.01141611
iso_ethanol_M72_s2.log,STEP,,,,657.315624,,,,,,,,,,,0,,,,,,1.16e+03,168.2647,1.45e-01,1.54e+00,9.41e-02,1.8e+04,
iso_ethanol_M72_s2.log,STEP,,,,-153.885845,,,,,,,,,,,500,,,,,,7.31e+00,156.1434,4.42e-01,1.70e+01,2.59e-02,1.6e+05,
iso_ethanol_M72_s2.log,RESULT_PARTIAL,ethanol,,,-154.01945108,,97,,splat,,,,,,,1000,72,,,,,,,,,,,
iso_ethanol_M72_s2.log,STEP,,,,-154.072074,,,,,,,,,,,1000,,,,,,7.45e+00,156.5486,4.85e-01,1.72e+01,2.82e-02,1.2e+05,
iso_ethanol_M72_s2.log,STEP,,,,-154.256192,,,,,,,,,,,1500,,,,,,6.76e+00,156.6045,8.97e-01,1.75e+01,5.13e-02,2.0e+05,
iso_ethanol_M72_s2.log,RESULT_PARTIAL,ethanol,,,-154.42358440,,156,,splat,,,,,,,2000,72,,,,,,,,,,,
iso_ethanol_M72_s2.log,STEP,,,,-154.473961,,,,,,,,,,,2000,,,,,,5.53e+00,156.6276,7.85e-01,2.18e+01,3.60e-02,2.7e+05,
iso_ethanol_M72_s2.log,STEP,,,,-154.495680,,,,,,,,,,,2500,,,,,,6.78e+00,156.6187,9.26e-01,2.19e+01,4.23e-02,2.8e+05,
iso_ethanol_M72_s2.log,RESULT_PARTIAL,ethanol,,,-154.48935324,,208,,splat,,,,,,,3000,72,,,,,,,,,,,
iso_ethanol_M72_s2.log,STEP,,,,-154.534823,,,,,,,,,,,3000,,,,,,5.92e+00,156.6373,1.10e+00,2.28e+01,4.83e-02,4.0e+05,
iso_ethanol_M72_s2.log,STEP,,,,-154.615741,,,,,,,,,,,3500,,,,,,9.36e+00,156.6717,1.50e+00,2.38e+01,6.28e-02,4.5e+05,
iso_ethanol_M72_s2.log,RESULT_PARTIAL,ethanol,,,-154.59018882,,254,,splat,,,,,,,4000,72,,,,,,,,,,,
iso_ethanol_M72_s2.log,STEP,,,,-154.625945,,,,,,,,,,,4000,,,,,,8.66e+00,156.6345,1.86e+00,2.57e+01,7.23e-02,4.6e+05,
iso_ethanol_M72_s2.log,STEP,,,,-154.652089,,,,,,,,,,,4500,,,,,,6.03e+00,156.7600,2.26e+00,2.74e+01,8.26e-02,4.5e+05,
iso_ethanol_M72_s2.log,RESULT_PARTIAL,ethanol,,,-154.64846794,,297,,splat,,,,,,,5000,72,,,,,,,,,,,
iso_ethanol_M72_s2.log,STEP,,,,-154.688650,,,,,,,,,,,5000,,,,,,3.50e+00,156.6961,2.88e+00,3.14e+01,9.17e-02,4.2e+05,
iso_ethanol_M72_s2.log,STEP,,,,-154.705884,,,,,,,,,,,5500,,,,,,1.94e+00,156.7300,3.20e+00,3.43e+01,9.31e-02,5.1e+05,
iso_ethanol_M72_s2.log,RESULT_PARTIAL,ethanol,,,-154.69397292,,349,,splat,,,,,,,6000,72,,,,,,,,,,,
iso_ethanol_M72_s2.log,STEP,,,,-154.730281,,,,,,,,,,,6000,,,,,,3.55e+00,156.7309,2.86e+00,3.61e+01,7.91e-02,7.0e+05,
iso_ethanol_M72_s2.log,STEP,,,,-154.742645,,,,,,,,,,,6500,,,,,,3.91e+00,156.6673,3.11e+00,3.53e+01,8.80e-02,7.7e+05,
iso_ethanol_M72_s2.log,RESULT_PARTIAL,ethanol,,,-154.71041302,,401,,splat,,,,,,,7000,72,,,,,,,,,,,
iso_ethanol_M72_s2.log,STEP,,,,-154.747477,,,,,,,,,,,7000,,,,,,3.38e+00,156.7155,2.86e+00,3.68e+01,7.77e-02,7.6e+05,
iso_ethanol_M72_s2.log,STEP,,,,-154.753351,,,,,,,,,,,7500,,,,,,2.35e+00,156.7094,2.38e+00,4.04e+01,5.88e-02,7.7e+05,
iso_ethanol_M72_s2.log,RESULT_PARTIAL,ethanol,,,-154.72388848,,441,,splat,,,,,,,8000,72,,,,,,,,,,,
iso_ethanol_M72_s2.log,STEP,,,,-154.754330,,,,,,,,,,,8000,,,,,,3.82e+00,156.7579,2.03e+00,3.87e+01,5.25e-02,8.0e+05,
iso_ethanol_M72_s2.log,STEP,,,,-154.760113,,,,,,,,,,,8500,,,,,,2.25e+00,156.7411,1.58e+00,3.89e+01,4.06e-02,8.2e+05,
iso_ethanol_M72_s2.log,RESULT_PARTIAL,ethanol,,,-154.72976108,,466,,splat,,,,,,,9000,72,,,,,,,,,,,
iso_ethanol_M72_s2.log,STEP,,,,-154.762156,,,,,,,,,,,9000,,,,,,1.85e+00,156.7433,1.31e+00,4.04e+01,3.25e-02,8.2e+05,
iso_ethanol_M72_s2.log,STEP,,,,-154.763650,,,,,,,,,,,9500,,,,,,1.34e+00,156.7355,1.09e+00,4.06e+01,2.68e-02,8.2e+05,
iso_ethanol_M72_s2.log,RESULT_PARTIAL,ethanol,,,-154.73085462,,486,,splat,,,,,,,10000,72,,,,,,,,,,,
iso_ethanol_M72_s2.log,STEP,,,,-154.764187,,,,,,,,,,,10000,,,,,,1.45e+00,156.7262,9.46e-01,4.07e+01,2.32e-02,8.2e+05,
iso_ethanol_M72_s2.log,STEP,,,,-154.764635,,,,,,,,,,,10500,,,,,,1.17e+00,156.7239,8.57e-01,4.07e+01,2.11e-02,8.2e+05,
iso_ethanol_M72_s2.log,RESULT_PARTIAL,ethanol,,,-154.73116350,,507,,splat,,,,,,,11000,72,,,,,,,,,,,
iso_ethanol_M72_s2.log,STEP,,,,-154.765047,,,,,,,,,,,11000,,,,,,1.27e-03,156.7177,7.61e-01,4.03e+01,1.89e-02,8.2e+05,
iso_ethanol_M72_s2.log,STEP,,,,-154.765265,,,,,,,,,,,11500,,,,,,1.09e-03,156.7142,7.11e-01,4.00e+01,1.78e-02,8.2e+05,
iso_ethanol_M72_s2.log,RESULT_PARTIAL,ethanol,,,-154.73122406,,525,,splat,,,,,,,12000,72,,,,,,,,,,,
iso_ethanol_M72_s2.log,STEP,,,,-154.765395,,,,,,,,,,,11999,,,,,,9.79e-04,156.7121,6.79e-01,3.98e+01,1.71e-02,8.2e+05,
iso_ethanol_M72_s2.log,RESULT_PARTIAL,ethanol,,72,-154.73122406,,528,,splat,,pbe,,,,,,72,12000,2,1147,,,,,,,,
iso_ethanol_M72_s2.log,RESULT,ethanol,,72,-154.73122406,,546,,splat,,pbe,,,,,,72,12000,2,1147,-154.73120790,,,,,,,-0.01615452
iso_ethanol_M144_s0.log,STEP,,,,688.542603,,,,,,,,,,,0,,,,,,9.39e+02,171.7438,3.44e-01,4.98e+00,6.92e-02,2.8e+05,
iso_ethanol_M144_s0.log,STEP,,,,-154.666206,,,,,,,,,,,500,,,,,,6.08e+00,156.8104,1.96e+00,4.62e+01,4.24e-02,1.3e+10,
iso_ethanol_M144_s0.log,RESULT_PARTIAL,ethanol,,,-154.75148517,,133,,splat,,,,,,,1000,144,,,,,,,,,,,
iso_ethanol_M144_s0.log,STEP,,,,-154.771098,,,,,,,,,,,1000,,,,,,7.05e+00,156.8609,3.02e+00,4.65e+01,6.49e-02,6.4e+09,
iso_ethanol_M144_s0.log,STEP,,,,-154.827969,,,,,,,,,,,1500,,,,,,5.05e+00,156.8329,3.71e+00,4.85e+01,7.65e-02,7.3e+09,
iso_ethanol_M144_s0.log,RESULT_PARTIAL,ethanol,,,-154.82371020,,215,,splat,,,,,,,2000,144,,,,,,,,,,,
iso_ethanol_M144_s0.log,STEP,,,,-154.846823,,,,,,,,,,,2000,,,,,,5.30e+00,156.8675,5.26e+00,4.96e+01,1.06e-01,1.2e+10,
iso_ethanol_M144_s0.log,STEP,,,,-154.871996,,,,,,,,,,,2500,,,,,,6.02e+00,156.8022,5.47e+00,5.15e+01,1.06e-01,2.1e+09,
iso_ethanol_M144_s0.log,RESULT_PARTIAL,ethanol,,,-154.84779381,,290,,splat,,,,,,,3000,144,,,,,,,,,,,
iso_ethanol_M144_s0.log,STEP,,,,-154.865119,,,,,,,,,,,3000,,,,,,6.09e+00,156.8581,5.14e+00,5.25e+01,9.78e-02,3.8e+09,
iso_ethanol_M144_s0.log,STEP,,,,-154.877071,,,,,,,,,,,3500,,,,,,3.91e+00,156.8370,7.00e+00,5.36e+01,1.31e-01,2.7e+09,
iso_ethanol_M144_s0.log,RESULT_PARTIAL,ethanol,,,-154.87075828,,364,,splat,,,,,,,4000,144,,,,,,,,,,,
iso_ethanol_M144_s0.log,STEP,,,,-154.885115,,,,,,,,,,,4000,,,,,,4.04e+00,156.8070,5.79e+00,5.26e+01,1.10e-01,1.8e+09,
iso_ethanol_M144_s0.log,STEP,,,,-154.889791,,,,,,,,,,,4500,,,,,,3.05e+00,156.7931,5.31e+00,5.40e+01,9.83e-02,3.3e+09,
iso_ethanol_M144_s0.log,RESULT_PARTIAL,ethanol,,,-154.87242575,,447,,splat,,,,,,,5000,144,,,,,,,,,,,
iso_ethanol_M144_s0.log,STEP,,,,-154.885300,,,,,,,,,,,5000,,,,,,3.64e+00,156.7507,1.03e+01,5.99e+01,1.72e-01,1.8e+09,
iso_ethanol_M144_s0.log,STEP,,,,-154.892418,,,,,,,,,,,5500,,,,,,3.48e+00,156.7432,8.05e+00,6.40e+01,1.26e-01,3.1e+09,
iso_ethanol_M144_s0.log,RESULT_PARTIAL,ethanol,,,-154.87914721,,530,,splat,,,,,,,6000,144,,,,,,,,,,,
iso_ethanol_M144_s0.log,STEP,,,,-154.894682,,,,,,,,,,,6000,,,,,,2.30e+00,156.7885,8.74e+00,7.28e+01,1.20e-01,3.0e+09,
iso_ethanol_M144_s0.log,STEP,,,,-154.903254,,,,,,,,,,,6500,,,,,,1.32e+00,156.7885,1.11e+01,7.97e+01,1.39e-01,1.7e+10,
iso_ethanol_M144_s0.log,RESULT_PARTIAL,ethanol,,,-154.89117991,,613,,splat,,,,,,,7000,144,,,,,,,,,,,
iso_ethanol_M144_s0.log,STEP,,,,-154.906050,,,,,,,,,,,7000,,,,,,1.27e+00,156.7919,9.03e+00,8.21e+01,1.10e-01,4.4e+09,
iso_ethanol_M144_s0.log,STEP,,,,-154.906460,,,,,,,,,,,7500,,,,,,8.83e-01,156.7844,9.96e+00,8.70e+01,1.15e-01,1.5e+09,
iso_ethanol_M144_s0.log,RESULT_PARTIAL,ethanol,,,-154.89451966,,692,,splat,,,,,,,8000,144,,,,,,,,,,,
iso_ethanol_M144_s0.log,STEP,,,,-154.907261,,,,,,,,,,,8000,,,,,,5.19e-01,156.7975,9.03e+00,8.86e+01,1.02e-01,9.2e+08,
iso_ethanol_M144_s0.log,STEP,,,,-154.907521,,,,,,,,,,,8500,,,,,,1.02e+00,156.8001,8.47e+00,9.19e+01,9.22e-02,6.3e+08,
iso_ethanol_M144_s0.log,RESULT_PARTIAL,ethanol,,,-154.89575366,,769,,splat,,,,,,,9000,144,,,,,,,,,,,
iso_ethanol_M144_s0.log,STEP,,,,-154.907578,,,,,,,,,,,9000,,,,,,1.80e+00,156.7965,8.24e+00,9.34e+01,8.82e-02,1.6e+08,
iso_ethanol_M144_s0.log,STEP,,,,-154.909892,,,,,,,,,,,9500,,,,,,1.61e+00,156.7822,7.95e+00,9.62e+01,8.27e-02,8.0e+07,
iso_ethanol_M144_s0.log,RESULT_PARTIAL,ethanol,,,-154.89955044,,818,,splat,,,,,,,10000,144,,,,,,,,,,,
iso_ethanol_M144_s0.log,STEP,,,,-154.911717,,,,,,,,,,,10000,,,,,,1.22e+00,156.7988,7.93e+00,9.93e+01,7.99e-02,5.7e+07,
iso_ethanol_M144_s0.log,STEP,,,,-154.913479,,,,,,,,,,,10500,,,,,,1.08e+00,156.7991,7.42e+00,1.02e+02,7.28e-02,4.5e+07,
iso_ethanol_M144_s0.log,RESULT_PARTIAL,ethanol,,,-154.90191692,,865,,splat,,,,,,,11000,144,,,,,,,,,,,
iso_ethanol_M144_s0.log,STEP,,,,-154.914918,,,,,,,,,,,11000,,,,,,1.52e-03,156.8004,6.56e+00,1.04e+02,6.34e-02,3.8e+07,
iso_ethanol_M144_s0.log,STEP,,,,-154.915600,,,,,,,,,,,11500,,,,,,1.22e-03,156.8010,6.07e+00,1.04e+02,5.82e-02,3.4e+07,
iso_ethanol_M144_s0.log,RESULT_PARTIAL,ethanol,,,-154.90262176,,907,,splat,,,,,,,12000,144,,,,,,,,,,,
iso_ethanol_M144_s0.log,STEP,,,,-154.915946,,,,,,,,,,,11999,,,,,,1.05e-03,156.8016,5.75e+00,1.05e+02,5.49e-02,3.2e+07,
iso_ethanol_M144_s0.log,RESULT_PARTIAL,ethanol,,72,-154.90262176,,909,,splat,,pbe,,,,,,144,12000,0,205,,,,,,,,
iso_ethanol_M144_s0.log,RESULT,ethanol,,72,-154.90262176,,929,,splat,,pbe,,,,,,144,12000,0,205,-154.90263793,,,,,,,0.01616821
iso_ethanol_M144_s1.log,STEP,,,,633.931741,,,,,,,,,,,0,,,,,,8.05e+02,179.0372,4.65e-01,4.47e+00,1.04e-01,9.1e+04,
iso_ethanol_M144_s1.log,STEP,,,,-154.627509,,,,,,,,,,,500,,,,,,7.32e+00,156.8342,2.03e+00,4.82e+01,4.22e-02,1.0e+09,
iso_ethanol_M144_s1.log,RESULT_PARTIAL,ethanol,,,-154.75278779,,121,,splat,,,,,,,1000,144,,,,,,,,,,,
iso_ethanol_M144_s1.log,STEP,,,,-154.768674,,,,,,,,,,,1000,,,,,,9.23e+00,156.8168,2.19e+00,4.76e+01,4.60e-02,1.7e+10,
iso_ethanol_M144_s1.log,STEP,,,,-154.824749,,,,,,,,,,,1500,,,,,,6.77e+00,156.8606,2.98e+00,4.80e+01,6.21e-02,1.0e+10,
iso_ethanol_M144_s1.log,RESULT_PARTIAL,ethanol,,,-154.82352959,,194,,splat,,,,,,,2000,144,,,,,,,,,,,
iso_ethanol_M144_s1.log,STEP,,,,-154.842510,,,,,,,,,,,2000,,,,,,5.75e+00,156.8259,3.67e+00,4.77e+01,7.70e-02,4.3e+10,
iso_ethanol_M144_s1.log,STEP,,,,-154.779608,,,,,,,,,,,2500,,,,,,1.11e+01,156.7940,4.00e+00,4.81e+01,8.31e-02,4.9e+10,
iso_ethanol_M144_s1.log,RESULT_PARTIAL,ethanol,,,-154.83315230,,264,,splat,,,,,,,3000,144,,,,,,,,,,,
iso_ethanol_M144_s1.log,STEP,,,,-154.854392,,,,,,,,,,,3000,,,,,,9.73e+00,156.6588,4.60e+00,5.06e+01,9.09e-02,2.8e+10,
iso_ethanol_M144_s1.log,STEP,,,,-154.883038,,,,,,,,,,,3500,,,,,,4.58e+00,156.7669,5.68e+00,5.31e+01,1.07e-01,1.7e+10,
iso_ethanol_M144_s1.log,RESULT_PARTIAL,ethanol,,,-154.87015504,,338,,splat,,,,,,,4000,144,,,,,,,,,,,
iso_ethanol_M144_s1.log,STEP,,,,-154.886944,,,,,,,,,,,4000,,,,,,2.86e+00,156.7930,7.57e+00,5.48e+01,1.38e-01,1.7e+09,
iso_ethanol_M144_s1.log,STEP,,,,-154.886904,,,,,,,,,,,4500,,,,,,2.61e+00,156.7919,8.34e+00,5.66e+01,1.47e-01,2.3e+09,
iso_ethanol_M144_s1.log,RESULT_PARTIAL,ethanol,,,-154.87653601,,422,,splat,,,,,,,5000,144,,,,,,,,,,,
iso_ethanol_M144_s1.log,STEP,,,,-154.891225,,,,,,,,,,,5000,,,,,,3.22e+00,156.8012,1.03e+01,6.20e+01,1.67e-01,2.4e+09,
iso_ethanol_M144_s1.log,STEP,,,,-154.892958,,,,,,,,,,,5500,,,,,,2.09e+00,156.8571,9.94e+00,6.40e+01,1.55e-01,4.3e+09,
iso_ethanol_M144_s1.log,RESULT_PARTIAL,ethanol,,,-154.88285710,,505,,splat,,,,,,,6000,144,,,,,,,,,,,
iso_ethanol_M144_s1.log,STEP,,,,-154.897392,,,,,,,,,,,6000,,,,,,2.85e+00,156.7912,1.04e+01,6.61e+01,1.58e-01,3.9e+09,
iso_ethanol_M144_s1.log,STEP,,,,-154.900703,,,,,,,,,,,6500,,,,,,2.42e+00,156.7862,1.02e+01,6.77e+01,1.51e-01,3.3e+09,
iso_ethanol_M144_s1.log,RESULT_PARTIAL,ethanol,,,-154.88616883,,586,,splat,,,,,,,7000,144,,,,,,,,,,,
iso_ethanol_M144_s1.log,STEP,,,,-154.900834,,,,,,,,,,,7000,,,,,,2.99e+00,156.7736,1.02e+01,6.81e+01,1.49e-01,3.3e+09,
iso_ethanol_M144_s1.log,STEP,,,,-154.905213,,,,,,,,,,,7500,,,,,,3.70e+00,156.7964,8.82e+00,6.92e+01,1.28e-01,5.7e+09,
iso_ethanol_M144_s1.log,RESULT_PARTIAL,ethanol,,,-154.89180731,,654,,splat,,,,,,,8000,144,,,,,,,,,,,
iso_ethanol_M144_s1.log,STEP,,,,-154.904744,,,,,,,,,,,8000,,,,,,3.58e+00,156.7925,1.03e+01,6.97e+01,1.47e-01,7.2e+09,
iso_ethanol_M144_s1.log,STEP,,,,-154.907246,,,,,,,,,,,8500,,,,,,2.72e+00,156.7956,8.72e+00,7.28e+01,1.20e-01,7.6e+09,
iso_ethanol_M144_s1.log,RESULT_PARTIAL,ethanol,,,-154.89502629,,727,,splat,,,,,,,9000,144,,,,,,,,,,,
iso_ethanol_M144_s1.log,STEP,,,,-154.908106,,,,,,,,,,,9000,,,,,,2.79e+00,156.7920,9.48e+00,7.55e+01,1.26e-01,1.2e+10,
iso_ethanol_M144_s1.log,STEP,,,,-154.908774,,,,,,,,,,,9500,,,,,,2.04e+00,156.8048,9.30e+00,8.03e+01,1.16e-01,1.9e+10,
iso_ethanol_M144_s1.log,RESULT_PARTIAL,ethanol,,,-154.89790696,,799,,splat,,,,,,,10000,144,,,,,,,,,,,
iso_ethanol_M144_s1.log,STEP,,,,-154.911907,,,,,,,,,,,10000,,,,,,2.35e+00,156.7866,7.40e+00,8.41e+01,8.80e-02,1.7e+10,
iso_ethanol_M144_s1.log,STEP,,,,-154.913041,,,,,,,,,,,10500,,,,,,3.07e+00,156.7832,6.08e+00,8.57e+01,7.10e-02,2.2e+10,
iso_ethanol_M144_s1.log,RESULT_PARTIAL,ethanol,,,-154.89968970,,858,,splat,,,,,,,11000,144,,,,,,,,,,,
iso_ethanol_M144_s1.log,STEP,,,,-154.914152,,,,,,,,,,,11000,,,,,,1.93e-02,156.7838,5.07e+00,8.75e+01,5.80e-02,2.4e+10,
iso_ethanol_M144_s1.log,STEP,,,,-154.914580,,,,,,,,,,,11500,,,,,,1.41e-03,156.7831,4.27e+00,8.95e+01,4.77e-02,1.5e+10,
iso_ethanol_M144_s1.log,RESULT_PARTIAL,ethanol,,,-154.90084821,,905,,splat,,,,,,,12000,144,,,,,,,,,,,
iso_ethanol_M144_s1.log,STEP,,,,-154.914807,,,,,,,,,,,11999,,,,,,1.16e-03,156.7823,3.87e+00,9.11e+01,4.25e-02,1.3e+10,
iso_ethanol_M144_s1.log,RESULT_PARTIAL,ethanol,,72,-154.90084821,,907,,splat,,pbe,,,,,,144,12000,1,205,,,,,,,,
iso_ethanol_M144_s1.log,RESULT,ethanol,,72,-154.90084821,,926,,splat,,pbe,,,,,,144,12000,1,205,-154.90053479,,,,,,,-0.31341615
iso_ethanol_M144_s2.log,STEP,,,,667.037640,,,,,,,,,,,0,,,,,,9.17e+02,168.4668,2.98e-01,5.00e+00,5.96e-02,1.7e+05,
iso_ethanol_M144_s2.log,STEP,,,,-154.629148,,,,,,,,,,,500,,,,,,7.50e+00,156.7720,1.70e+00,4.80e+01,3.54e-02,9.2e+09,
iso_ethanol_M144_s2.log,RESULT_PARTIAL,ethanol,,,-154.73756060,,124,,splat,,,,,,,1000,144,,,,,,,,,,,
iso_ethanol_M144_s2.log,STEP,,,,-154.755537,,,,,,,,,,,1000,,,,,,7.51e+00,156.8109,2.40e+00,4.75e+01,5.05e-02,9.2e+09,
iso_ethanol_M144_s2.log,STEP,,,,-154.799956,,,,,,,,,,,1500,,,,,,8.25e+00,156.8393,3.32e+00,4.90e+01,6.77e-02,1.0e+10,
iso_ethanol_M144_s2.log,RESULT_PARTIAL,ethanol,,,-154.82657729,,202,,splat,,,,,,,2000,144,,,,,,,,,,,
iso_ethanol_M144_s2.log,STEP,,,,-154.843704,,,,,,,,,,,2000,,,,,,5.73e+00,156.8389,3.75e+00,5.32e+01,7.06e-02,1.1e+10,
iso_ethanol_M144_s2.log,STEP,,,,-154.857695,,,,,,,,,,,2500,,,,,,3.84e+00,156.8097,5.73e+00,5.84e+01,9.81e-02,1.5e+10,
iso_ethanol_M144_s2.log,RESULT_PARTIAL,ethanol,,,-154.85591087,,282,,splat,,,,,,,3000,144,,,,,,,,,,,
iso_ethanol_M144_s2.log,STEP,,,,-154.871492,,,,,,,,,,,3000,,,,,,6.23e+00,156.7796,5.80e+00,6.23e+01,9.31e-02,4.6e+09,
iso_ethanol_M144_s2.log,STEP,,,,-154.881324,,,,,,,,,,,3500,,,,,,3.28e+00,156.7416,6.26e+00,6.46e+01,9.69e-02,2.1e+09,
iso_ethanol_M144_s2.log,RESULT_PARTIAL,ethanol,,,-154.87686547,,365,,splat,,,,,,,4000,144,,,,,,,,,,,
iso_ethanol_M144_s2.log,STEP,,,,-154.890316,,,,,,,,,,,4000,,,,,,1.57e+00,156.7401,7.84e+00,6.46e+01,1.21e-01,7.6e+08,
iso_ethanol_M144_s2.log,STEP,,,,-154.877036,,,,,,,,,,,4500,,,,,,5.23e+00,156.7956,8.73e+00,6.46e+01,1.35e-01,2.2e+08,
iso_ethanol_M144_s2.log,RESULT_PARTIAL,ethanol,,,-154.88237844,,448,,splat,,,,,,,5000,144,,,,,,,,,,,
iso_ethanol_M144_s2.log,STEP,,,,-154.894660,,,,,,,,,,,5000,,,,,,3.35e+00,156.7879,7.94e+00,6.58e+01,1.21e-01,4.4e+08,
iso_ethanol_M144_s2.log,STEP,,,,-154.888759,,,,,,,,,,,5500,,,,,,2.20e+00,156.8937,8.11e+00,6.80e+01,1.19e-01,1.2e+08,
iso_ethanol_M144_s2.log,RESULT_PARTIAL,ethanol,,,-154.88158540,,531,,splat,,,,,,,6000,144,,,,,,,,,,,
iso_ethanol_M144_s2.log,STEP,,,,-154.892968,,,,,,,,,,,6000,,,,,,4.04e+00,156.8288,1.10e+01,7.09e+01,1.55e-01,4.1e+08,
iso_ethanol_M144_s2.log,STEP,,,,-154.897373,,,,,,,,,,,6500,,,,,,2.84e+00,156.7727,1.01e+01,7.34e+01,1.38e-01,1.3e+08,
iso_ethanol_M144_s2.log,RESULT_PARTIAL,ethanol,,,-154.89207910,,610,,splat,,,,,,,7000,144,,,,,,,,,,,
iso_ethanol_M144_s2.log,STEP,,,,-154.902797,,,,,,,,,,,7000,,,,,,2.19e+00,156.8086,9.84e+00,7.61e+01,1.29e-01,9.6e+07,
iso_ethanol_M144_s2.log,STEP,,,,-154.905794,,,,,,,,,,,7500,,,,,,3.06e+00,156.8022,8.34e+00,7.80e+01,1.07e-01,6.7e+07,
iso_ethanol_M144_s2.log,RESULT_PARTIAL,ethanol,,,-154.89290326,,686,,splat,,,,,,,8000,144,,,,,,,,,,,
iso_ethanol_M144_s2.log,STEP,,,,-154.904612,,,,,,,,,,,8000,,,,,,4.98e+00,156.8058,9.70e+00,7.99e+01,1.21e-01,1.8e+08,
iso_ethanol_M144_s2.log,STEP,,,,-154.909275,,,,,,,,,,,8500,,,,,,1.87e+00,156.8412,8.78e+00,8.20e+01,1.07e-01,2.0e+08,
iso_ethanol_M144_s2.log,RESULT_PARTIAL,ethanol,,,-154.89924299,,762,,splat,,,,,,,9000,144,,,,,,,,,,,
iso_ethanol_M144_s2.log,STEP,,,,-154.912523,,,,,,,,,,,9000,,,,,,2.79e+00,156.7884,7.88e+00,8.44e+01,9.33e-02,3.6e+08,
iso_ethanol_M144_s2.log,STEP,,,,-154.912519,,,,,,,,,,,9500,,,,,,2.91e+00,156.7806,7.78e+00,8.66e+01,8.99e-02,3.1e+08,
iso_ethanol_M144_s2.log,RESULT_PARTIAL,ethanol,,,-154.90310793,,833,,splat,,,,,,,10000,144,,,,,,,,,,,
iso_ethanol_M144_s2.log,STEP,,,,-154.914693,,,,,,,,,,,10000,,,,,,2.01e+00,156.7702,7.33e+00,8.88e+01,8.25e-02,1.5e+08,
iso_ethanol_M144_s2.log,STEP,,,,-154.916514,,,,,,,,,,,10500,,,,,,2.15e+00,156.7660,6.02e+00,9.02e+01,6.67e-02,1.4e+08,
iso_ethanol_M144_s2.log,RESULT_PARTIAL,ethanol,,,-154.90610147,,897,,splat,,,,,,,11000,144,,,,,,,,,,,
iso_ethanol_M144_s2.log,STEP,,,,-154.918014,,,,,,,,,,,11000,,,,,,1.11e+00,156.7678,4.46e+00,9.19e+01,4.85e-02,1.5e+08,
iso_ethanol_M144_s2.log,STEP,,,,-154.919102,,,,,,,,,,,11500,,,,,,1.85e-03,156.7709,3.68e+00,9.37e+01,3.92e-02,1.6e+08,
iso_ethanol_M144_s2.log,RESULT_PARTIAL,ethanol,,,-154.90721955,,951,,splat,,,,,,,12000,144,,,,,,,,,,,
iso_ethanol_M144_s2.log,STEP,,,,-154.919694,,,,,,,,,,,11999,,,,,,1.24e-03,156.7738,3.31e+00,9.52e+01,3.48e-02,1.7e+08,
iso_ethanol_M144_s2.log,RESULT_PARTIAL,ethanol,,72,-154.90721955,,953,,splat,,pbe,,,,,,144,12000,2,205,,,,,,,,
iso_ethanol_M144_s2.log,RESULT,ethanol,,72,-154.90721955,,974,,splat,,pbe,,,,,,144,12000,2,205,-154.90723902,,,,,,,0.01946886
iso_alanine_dipeptide_M125_s1.log,STEP,,,,2191.975728,,,,,,,,,,,0,,,,,,1.52e+03,849.8353,1.26e-01,4.09e+00,3.08e-02,6.1e+03,
iso_alanine_dipeptide_M125_s1.log,STEP,,,,-486.262365,,,,,,,,,,,500,,,,,,8.73e+00,777.7812,5.52e-01,2.99e+01,1.85e-02,6.7e+04,
iso_alanine_dipeptide_M125_s1.log,RESULT_PARTIAL,alanine_dipeptide,,,-487.66025520,,135,,splat,,,,,,,1000,125,,,,,,,,,,,
iso_alanine_dipeptide_M125_s1.log,STEP,,,,-488.222393,,,,,,,,,,,1000,,,,,,9.37e+00,779.3621,7.31e-01,3.23e+01,2.26e-02,7.9e+04,
iso_alanine_dipeptide_M125_s1.log,STEP,,,,-489.015405,,,,,,,,,,,1500,,,,,,6.38e+00,778.8084,9.30e-01,3.42e+01,2.72e-02,1.8e+05,
iso_alanine_dipeptide_M125_s1.log,RESULT_PARTIAL,alanine_dipeptide,,,-488.99815530,,221,,splat,,,,,,,2000,125,,,,,,,,,,,
iso_alanine_dipeptide_M125_s1.log,STEP,,,,-489.541190,,,,,,,,,,,2000,,,,,,8.04e+00,780.2726,1.24e+00,3.77e+01,3.30e-02,2.1e+05,
iso_alanine_dipeptide_M125_s1.log,STEP,,,,-489.947725,,,,,,,,,,,2500,,,,,,1.36e+01,780.0676,1.67e+00,4.24e+01,3.94e-02,2.3e+05,
iso_alanine_dipeptide_M125_s1.log,RESULT_PARTIAL,alanine_dipeptide,,,-489.99119391,,306,,splat,,,,,,,3000,125,,,,,,,,,,,
iso_alanine_dipeptide_M125_s1.log,STEP,,,,-490.532658,,,,,,,,,,,3000,,,,,,6.39e+00,782.0872,1.66e+00,5.17e+01,3.22e-02,2.2e+05,
iso_alanine_dipeptide_M125_s1.log,STEP,,,,-490.561758,,,,,,,,,,,3500,,,,,,6.70e+00,781.6126,1.79e+00,5.20e+01,3.43e-02,2.6e+05,
iso_alanine_dipeptide_M125_s1.log,RESULT_PARTIAL,alanine_dipeptide,,,-490.32963253,,390,,splat,,,,,,,4000,125,,,,,,,,,,,
iso_alanine_dipeptide_M125_s1.log,STEP,,,,-490.803706,,,,,,,,,,,4000,,,,,,6.77e+00,782.1961,1.65e+00,6.11e+01,2.69e-02,2.9e+05,
iso_alanine_dipeptide_M125_s1.log,STEP,,,,-490.878354,,,,,,,,,,,4500,,,,,,7.14e+00,782.5476,1.60e+00,6.86e+01,2.32e-02,3.2e+05,
iso_alanine_dipeptide_M125_s1.log,RESULT_PARTIAL,alanine_dipeptide,,,-490.60445789,,465,,splat,,,,,,,5000,125,,,,,,,,,,,
iso_alanine_dipeptide_M125_s1.log,STEP,,,,-491.046435,,,,,,,,,,,5000,,,,,,6.64e+00,783.2371,1.31e+00,7.98e+01,1.65e-02,3.1e+05,
iso_alanine_dipeptide_M125_s1.log,STEP,,,,-491.180928,,,,,,,,,,,5500,,,,,,5.91e+00,783.5232,1.60e+00,7.61e+01,2.11e-02,3.2e+05,
iso_alanine_dipeptide_M125_s1.log,RESULT_PARTIAL,alanine_dipeptide,,,-490.84276830,,531,,splat,,,,,,,6000,125,,,,,,,,,,,
iso_alanine_dipeptide_M125_s1.log,STEP,,,,-491.240690,,,,,,,,,,,6000,,,,,,4.94e+00,783.6145,1.26e+00,8.27e+01,1.53e-02,3.8e+05,
iso_alanine_dipeptide_M125_s1.log,STEP,,,,-491.308328,,,,,,,,,,,6500,,,,,,4.31e+00,783.4974,1.14e+00,8.26e+01,1.39e-02,4.0e+05,
iso_alanine_dipeptide_M125_s1.log,RESULT_PARTIAL,alanine_dipeptide,,,-490.91570021,,584,,splat,,,,,,,7000,125,,,,,,,,,,,
iso_alanine_dipeptide_M125_s1.log,STEP,,,,-491.352331,,,,,,,,,,,7000,,,,,,5.56e+00,783.2516,1.08e+00,8.36e+01,1.29e-02,3.5e+05,
iso_alanine_dipeptide_M125_s1.log,STEP,,,,-491.359387,,,,,,,,,,,7500,,,,,,3.57e+00,783.1997,9.73e-01,8.42e+01,1.16e-02,3.5e+05,
iso_alanine_dipeptide_M125_s1.log,RESULT_PARTIAL,alanine_dipeptide,,,-490.93521497,,623,,splat,,,,,,,8000,125,,,,,,,,,,,
iso_alanine_dipeptide_M125_s1.log,STEP,,,,-491.361536,,,,,,,,,,,8000,,,,,,3.10e+00,783.2740,1.02e+00,8.44e+01,1.21e-02,3.5e+05,
iso_alanine_dipeptide_M125_s1.log,STEP,,,,-491.359593,,,,,,,,,,,8500,,,,,,4.33e+00,783.3206,8.30e-01,8.47e+01,9.80e-03,4.3e+05,
iso_alanine_dipeptide_M125_s1.log,RESULT_PARTIAL,alanine_dipeptide,,,-490.92618216,,666,,splat,,,,,,,9000,125,,,,,,,,,,,
iso_alanine_dipeptide_M125_s1.log,STEP,,,,-491.353614,,,,,,,,,,,9000,,,,,,6.87e+00,783.1885,8.02e-01,8.46e+01,9.48e-03,4.9e+05,
iso_alanine_dipeptide_M125_s1.log,STEP,,,,-491.369662,,,,,,,,,,,9500,,,,,,2.68e+00,783.3859,6.10e-01,8.42e+01,7.24e-03,5.5e+05,
iso_alanine_dipeptide_M125_s1.log,RESULT_PARTIAL,alanine_dipeptide,,,-490.94095177,,707,,splat,,,,,,,10000,125,,,,,,,,,,,
iso_alanine_dipeptide_M125_s1.log,STEP,,,,-491.372323,,,,,,,,,,,10000,,,,,,2.48e+00,783.4116,5.28e-01,8.42e+01,6.27e-03,5.9e+05,
iso_alanine_dipeptide_M125_s1.log,STEP,,,,-491.374678,,,,,,,,,,,10500,,,,,,2.33e+00,783.3896,4.31e-01,8.42e+01,5.12e-03,6.5e+05,
iso_alanine_dipeptide_M125_s1.log,RESULT_PARTIAL,alanine_dipeptide,,,-490.94308163,,745,,splat,,,,,,,11000,125,,,,,,,,,,,
iso_alanine_dipeptide_M125_s1.log,STEP,,,,-491.376499,,,,,,,,,,,11000,,,,,,1.23e+00,783.3930,3.06e-01,8.43e+01,3.63e-03,7.1e+05,
iso_alanine_dipeptide_M125_s1.log,STEP,,,,-491.377471,,,,,,,,,,,11500,,,,,,2.58e-03,783.3913,2.15e-01,8.42e+01,2.55e-03,7.4e+05,
iso_alanine_dipeptide_M125_s1.log,RESULT_PARTIAL,alanine_dipeptide,,,-490.94368144,,783,,splat,,,,,,,12000,125,,,,,,,,,,,
iso_alanine_dipeptide_M125_s1.log,STEP,,,,-491.377795,,,,,,,,,,,11999,,,,,,4.60e-01,783.3913,1.68e-01,8.42e+01,2.00e-03,7.6e+05,
iso_alanine_dipeptide_M125_s1.log,RESULT_PARTIAL,alanine_dipeptide,,200,-490.94368144,,786,,splat,,pbe,,,,,,125,12000,1,1158,,,,,,,,
iso_alanine_dipeptide_M125_s1.log,RESULT,alanine_dipeptide,,200,-490.94368144,,806,,splat,,pbe,,,,,,125,12000,1,1158,-490.94366587,,,,,,,-0.01556985
iso_alanine_dipeptide_M125_s2.log,STEP,,,,2300.678894,,,,,,,,,,,0,,,,,,1.56e+03,846.6103,1.58e-01,3.85e+00,4.11e-02,1.1e+04,
iso_alanine_dipeptide_M125_s2.log,STEP,,,,-486.379766,,,,,,,,,,,500,,,,,,1.21e+01,777.3132,4.71e-01,3.40e+01,1.39e-02,9.8e+04,
iso_alanine_dipeptide_M125_s2.log,RESULT_PARTIAL,alanine_dipeptide,,,-487.08899026,,135,,splat,,,,,,,1000,125,,,,,,,,,,,
iso_alanine_dipeptide_M125_s2.log,STEP,,,,-487.616717,,,,,,,,,,,1000,,,,,,9.12e+00,777.9652,7.36e-01,3.38e+01,2.18e-02,1.2e+05,
iso_alanine_dipeptide_M125_s2.log,STEP,,,,-488.610059,,,,,,,,,,,1500,,,,,,1.46e+01,777.8973,5.21e-01,3.57e+01,1.46e-02,1.9e+05,
iso_alanine_dipeptide_M125_s2.log,RESULT_PARTIAL,alanine_dipeptide,,,-488.81715912,,221,,splat,,,,,,,2000,125,,,,,,,,,,,
iso_alanine_dipeptide_M125_s2.log,STEP,,,,-489.305822,,,,,,,,,,,2000,,,,,,1.05e+01,778.9009,5.42e-01,3.28e+01,1.65e-02,2.4e+05,
iso_alanine_dipeptide_M125_s2.log,STEP,,,,-489.957246,,,,,,,,,,,2500,,,,,,8.50e+00,781.2391,1.09e+00,3.25e+01,3.34e-02,2.4e+05,
iso_alanine_dipeptide_M125_s2.log,RESULT_PARTIAL,alanine_dipeptide,,,-489.87009543,,302,,splat,,,,,,,3000,125,,,,,,,,,,,
iso_alanine_dipeptide_M125_s2.log,STEP,,,,-490.416270,,,,,,,,,,,3000,,,,,,5.93e+00,781.9570,1.04e+00,3.93e+01,2.66e-02,2.3e+05,
iso_alanine_dipeptide_M125_s2.log,STEP,,,,-490.578302,,,,,,,,,,,3500,,,,,,9.08e+00,781.7069,1.26e+00,4.97e+01,2.53e-02,2.6e+05,
iso_alanine_dipeptide_M125_s2.log,RESULT_PARTIAL,alanine_dipeptide,,,-490.90604904,,384,,splat,,,,,,,4000,125,,,,,,,,,,,
iso_alanine_dipeptide_M125_s2.log,STEP,,,,-491.512078,,,,,,,,,,,4000,,,,,,6.18e+00,781.6367,1.22e+00,5.34e+01,2.29e-02,2.8e+05,
iso_alanine_dipeptide_M125_s2.log,STEP,,,,-491.808672,,,,,,,,,,,4500,,,,,,5.79e+00,782.4309,1.63e+00,5.17e+01,3.15e-02,3.4e+05,
iso_alanine_dipeptide_M125_s2.log,RESULT_PARTIAL,alanine_dipeptide,,,-491.20081466,,458,,splat,,,,,,,5000,125,,,,,,,,,,,
iso_alanine_dipeptide_M125_s2.log,STEP,,,,-491.902213,,,,,,,,,,,5000,,,,,,5.13e+00,782.0125,1.61e+00,4.84e+01,3.34e-02,3.5e+05,
iso_alanine_dipeptide_M125_s2.log,STEP,,,,-491.926579,,,,,,,,,,,5500,,,,,,3.51e+00,781.9746,1.67e+00,4.80e+01,3.48e-02,3.5e+05,
iso_alanine_dipeptide_M125_s2.log,RESULT_PARTIAL,alanine_dipeptide,,,-491.19043378,,526,,splat,,,,,,,6000,125,,,,,,,,,,,
iso_alanine_dipeptide_M125_s2.log,STEP,,,,-491.916743,,,,,,,,,,,6000,,,,,,5.24e+00,782.0445,1.87e+00,4.57e+01,4.09e-02,3.5e+05,
iso_alanine_dipeptide_M125_s2.log,STEP,,,,-491.942844,,,,,,,,,,,6500,,,,,,3.64e+00,781.9422,1.70e+00,4.40e+01,3.87e-02,3.5e+05,
iso_alanine_dipeptide_M125_s2.log,RESULT_PARTIAL,alanine_dipeptide,,,-491.22710692,,594,,splat,,,,,,,7000,125,,,,,,,,,,,
iso_alanine_dipeptide_M125_s2.log,STEP,,,,-491.964764,,,,,,,,,,,7000,,,,,,3.15e+00,782.2390,1.54e+00,4.17e+01,3.69e-02,3.5e+05,
iso_alanine_dipeptide_M125_s2.log,STEP,,,,-491.961315,,,,,,,,,,,7500,,,,,,3.73e+00,782.3208,1.61e+00,4.42e+01,3.65e-02,3.5e+05,
iso_alanine_dipeptide_M125_s2.log,RESULT_PARTIAL,alanine_dipeptide,,,-491.23088221,,650,,splat,,,,,,,8000,125,,,,,,,,,,,
iso_alanine_dipeptide_M125_s2.log,STEP,,,,-491.977228,,,,,,,,,,,8000,,,,,,4.26e+00,782.2802,1.34e+00,4.33e+01,3.09e-02,3.5e+05,
iso_alanine_dipeptide_M125_s2.log,STEP,,,,-491.996698,,,,,,,,,,,8500,,,,,,3.03e+00,781.9806,1.12e+00,4.29e+01,2.60e-02,3.5e+05,
iso_alanine_dipeptide_M125_s2.log,RESULT_PARTIAL,alanine_dipeptide,,,-491.44130707,,710,,splat,,,,,,,9000,125,,,,,,,,,,,
iso_alanine_dipeptide_M125_s2.log,STEP,,,,-492.104799,,,,,,,,,,,9000,,,,,,5.67e+00,782.4105,6.93e-01,4.27e+01,1.62e-02,3.5e+05,
iso_alanine_dipeptide_M125_s2.log,STEP,,,,-492.148744,,,,,,,,,,,9500,,,,,,5.66e+00,782.3249,2.74e-01,4.45e+01,6.16e-03,3.5e+05,
iso_alanine_dipeptide_M125_s2.log,RESULT_PARTIAL,alanine_dipeptide,,,-491.47382971,,756,,splat,,,,,,,10000,125,,,,,,,,,,,
iso_alanine_dipeptide_M125_s2.log,STEP,,,,-492.169296,,,,,,,,,,,10000,,,,,,6.95e+00,782.3309,2.51e-01,4.54e+01,5.53e-03,4.1e+05,
iso_alanine_dipeptide_M125_s2.log,STEP,,,,-492.181796,,,,,,,,,,,10500,,,,,,4.90e+00,782.4172,1.55e-01,4.62e+01,3.35e-03,4.7e+05,
iso_alanine_dipeptide_M125_s2.log,RESULT_PARTIAL,alanine_dipeptide,,,-491.48321585,,802,,splat,,,,,,,11000,125,,,,,,,,,,,
iso_alanine_dipeptide_M125_s2.log,STEP,,,,-492.189765,,,,,,,,,,,11000,,,,,,5.62e+00,782.5066,9.41e-02,4.77e+01,1.97e-03,5.7e+05,
iso_alanine_dipeptide_M125_s2.log,STEP,,,,-492.192763,,,,,,,,,,,11500,,,,,,3.83e+00,782.5582,7.31e-02,4.84e+01,1.51e-03,6.5e+05,
iso_alanine_dipeptide_M125_s2.log,RESULT_PARTIAL,alanine_dipeptide,,,-491.48684199,,845,,splat,,,,,,,12000,125,,,,,,,,,,,
iso_alanine_dipeptide_M125_s2.log,STEP,,,,-492.194544,,,,,,,,,,,11999,,,,,,4.10e+00,782.5856,5.90e-02,4.89e+01,1.21e-03,7.5e+05,
iso_alanine_dipeptide_M125_s2.log,RESULT_PARTIAL,alanine_dipeptide,,200,-491.48684199,,847,,splat,,pbe,,,,,,125,12000,2,1158,,,,,,,,
iso_alanine_dipeptide_M125_s2.log,RESULT,alanine_dipeptide,,200,-491.48684199,,866,,splat,,pbe,,,,,,125,12000,2,1158,-491.48684742,,,,,,,0.00543548
iso_alanine_dipeptide_M125_s0.log,STEP,,,,2437.784400,,,,,,,,,,,0,,,,,,1.59e+03,861.9157,1.83e-01,4.21e+00,4.35e-02,1.5e+04,
iso_alanine_dipeptide_M125_s0.log,STEP,,,,-486.274255,,,,,,,,,,,500,,,,,,1.05e+01,775.0230,5.35e-01,3.43e+01,1.56e-02,8.8e+04,
iso_alanine_dipeptide_M125_s0.log,RESULT_PARTIAL,alanine_dipeptide,,,-487.12119529,,135,,splat,,,,,,,1000,125,,,,,,,,,,,
iso_alanine_dipeptide_M125_s0.log,STEP,,,,-487.844029,,,,,,,,,,,1000,,,,,,1.15e+01,775.9923,7.75e-01,3.23e+01,2.40e-02,1.2e+05,
iso_alanine_dipeptide_M125_s0.log,STEP,,,,-488.765996,,,,,,,,,,,1500,,,,,,7.95e+00,776.2193,8.38e-01,3.56e+01,2.36e-02,3.3e+05,
iso_alanine_dipeptide_M125_s0.log,RESULT_PARTIAL,alanine_dipeptide,,,-489.71330821,,221,,splat,,,,,,,2000,125,,,,,,,,,,,
iso_alanine_dipeptide_M125_s0.log,STEP,,,,-490.111651,,,,,,,,,,,2000,,,,,,8.04e+00,782.8182,1.17e+00,3.95e+01,2.96e-02,1.3e+05,
iso_alanine_dipeptide_M125_s0.log,STEP,,,,-490.538618,,,,,,,,,,,2500,,,,,,1.03e+01,783.2003,1.58e+00,4.16e+01,3.79e-02,2.0e+05,
iso_alanine_dipeptide_M125_s0.log,RESULT_PARTIAL,alanine_dipeptide,,,-490.07600631,,302,,splat,,,,,,,3000,125,,,,,,,,,,,
iso_alanine_dipeptide_M125_s0.log,STEP,,,,-490.532934,,,,,,,,,,,3000,,,,,,8.07e+00,782.0298,1.57e+00,4.18e+01,3.76e-02,2.4e+05,
iso_alanine_dipeptide_M125_s0.log,STEP,,,,-490.732181,,,,,,,,,,,3500,,,,,,9.41e+00,782.6463,1.62e+00,4.42e+01,3.65e-02,2.7e+05,
iso_alanine_dipeptide_M125_s0.log,RESULT_PARTIAL,alanine_dipeptide,,,-490.44034770,,386,,splat,,,,,,,4000,125,,,,,,,,,,,
iso_alanine_dipeptide_M125_s0.log,STEP,,,,-490.839544,,,,,,,,,,,4000,,,,,,9.76e+00,783.1967,1.54e+00,4.78e+01,3.22e-02,2.5e+05,
iso_alanine_dipeptide_M125_s0.log,STEP,,,,-491.036523,,,,,,,,,,,4500,,,,,,8.76e+00,782.9449,1.97e+00,6.20e+01,3.18e-02,3.1e+05,
iso_alanine_dipeptide_M125_s0.log,RESULT_PARTIAL,alanine_dipeptide,,,-490.75906325,,459,,splat,,,,,,,5000,125,,,,,,,,,,,
iso_alanine_dipeptide_M125_s0.log,STEP,,,,-491.178170,,,,,,,,,,,5000,,,,,,5.25e+00,782.5180,1.81e+00,6.78e+01,2.67e-02,3.3e+05,
iso_alanine_dipeptide_M125_s0.log,STEP,,,,-491.308153,,,,,,,,,,,5500,,,,,,4.30e+00,782.7277,2.16e+00,7.37e+01,2.93e-02,3.2e+05,
iso_alanine_dipeptide_M125_s0.log,RESULT_PARTIAL,alanine_dipeptide,,,-490.96454842,,531,,splat,,,,,,,6000,125,,,,,,,,,,,
iso_alanine_dipeptide_M125_s0.log,STEP,,,,-491.376660,,,,,,,,,,,6000,,,,,,4.98e+00,783.2071,1.68e+00,9.84e+01,1.70e-02,3.0e+05,
iso_alanine_dipeptide_M125_s0.log,STEP,,,,-491.630215,,,,,,,,,,,6500,,,,,,5.67e+00,783.4818,1.33e+00,1.19e+02,1.12e-02,4.0e+05,
iso_alanine_dipeptide_M125_s0.log,RESULT_PARTIAL,alanine_dipeptide,,,-491.36613608,,609,,splat,,,,,,,7000,125,,,,,,,,,,,
iso_alanine_dipeptide_M125_s0.log,STEP,,,,-491.735612,,,,,,,,,,,7000,,,,,,6.23e+00,783.9628,1.15e+00,1.22e+02,9.37e-03,7.5e+05,
iso_alanine_dipeptide_M125_s0.log,STEP,,,,-491.746675,,,,,,,,,,,7500,,,,,,4.56e+00,783.8422,1.15e+00,1.22e+02,9.44e-03,6.5e+05,
iso_alanine_dipeptide_M125_s0.log,RESULT_PARTIAL,alanine_dipeptide,,,-491.37435835,,683,,splat,,,,,,,8000,125,,,,,,,,,,,
iso_alanine_dipeptide_M125_s0.log,STEP,,,,-491.741236,,,,,,,,,,,8000,,,,,,8.47e+00,783.9081,9.44e-01,1.22e+02,7.74e-03,6.8e+05,
iso_alanine_dipeptide_M125_s0.log,STEP,,,,-491.824790,,,,,,,,,,,8500,,,,,,2.83e+00,784.0351,7.08e-01,1.43e+02,4.93e-03,1.1e+06,
iso_alanine_dipeptide_M125_s0.log,RESULT_PARTIAL,alanine_dipeptide,,,-491.43241643,,739,,splat,,,,,,,9000,125,,,,,,,,,,,
iso_alanine_dipeptide_M125_s0.log,STEP,,,,-491.837548,,,,,,,,,,,9000,,,,,,4.50e+00,784.1231,7.45e-01,1.51e+02,4.93e-03,9.7e+05,
iso_alanine_dipeptide_M125_s0.log,STEP,,,,-491.848821,,,,,,,,,,,9500,,,,,,4.20e+00,784.1434,5.01e-01,1.53e+02,3.28e-03,1.2e+06,
iso_alanine_dipeptide_M125_s0.log,RESULT_PARTIAL,alanine_dipeptide,,,-491.43860183,,782,,splat,,,,,,,10000,125,,,,,,,,,,,
iso_alanine_dipeptide_M125_s0.log,STEP,,,,-491.853532,,,,,,,,,,,10000,,,,,,5.78e+00,784.1981,4.16e-01,1.54e+02,2.70e-03,1.8e+06,
iso_alanine_dipeptide_M125_s0.log,STEP,,,,-491.858504,,,,,,,,,,,10500,,,,,,2.48e+00,784.3030,2.97e-01,1.54e+02,1.93e-03,2.5e+06,
iso_alanine_dipeptide_M125_s0.log,RESULT_PARTIAL,alanine_dipeptide,,,-491.44784557,,829,,splat,,,,,,,11000,125,,,,,,,,,,,
iso_alanine_dipeptide_M125_s0.log,STEP,,,,-491.861215,,,,,,,,,,,11000,,,,,,3.97e+00,784.3976,2.30e-01,1.54e+02,1.49e-03,3.6e+06,
iso_alanine_dipeptide_M125_s0.log,STEP,,,,-491.863249,,,,,,,,,,,11500,,,,,,2.45e+00,784.4442,1.78e-01,1.55e+02,1.15e-03,4.3e+06,
iso_alanine_dipeptide_M125_s0.log,RESULT_PARTIAL,alanine_dipeptide,,,-491.45287421,,867,,splat,,,,,,,12000,125,,,,,,,,,,,
iso_alanine_dipeptide_M125_s0.log,STEP,,,,-491.864291,,,,,,,,,,,11999,,,,,,1.85e+00,784.4776,1.34e-01,1.55e+02,8.63e-04,5.5e+06,
iso_alanine_dipeptide_M125_s0.log,RESULT_PARTIAL,alanine_dipeptide,,200,-491.45287421,,869,,splat,,pbe,,,,,,125,12000,0,1158,,,,,,,,
iso_alanine_dipeptide_M125_s0.log,RESULT,alanine_dipeptide,,200,-491.45287421,,889,,splat,,pbe,,,,,,125,12000,0,1158,-491.45286386,,,,,,,-0.01034542
iso_alanine_dipeptide_M250_s0.log,STEP,,,,2110.444705,,,,,,,,,,,0,,,,,,1.24e+03,847.0877,4.08e-01,8.49e+00,4.80e-02,9.2e+04,
iso_alanine_dipeptide_M250_s0.log,STEP,,,,-493.423116,,,,,,,,,,,500,,,,,,6.59e+00,786.7358,1.85e+00,9.62e+01,1.92e-02,9.7e+09,
iso_alanine_dipeptide_M250_s0.log,RESULT_PARTIAL,alanine_dipeptide,,,-494.04563359,,179,,splat,,,,,,,1000,250,,,,,,,,,,,
iso_alanine_dipeptide_M250_s0.log,STEP,,,,-494.187543,,,,,,,,,,,1000,,,,,,9.19e+00,787.1963,2.47e+00,8.51e+01,2.91e-02,3.9e+10,
iso_alanine_dipeptide_M250_s0.log,STEP,,,,-494.368144,,,,,,,,,,,1500,,,,,,9.24e+00,786.5289,3.04e+00,7.86e+01,3.87e-02,5.8e+09,
iso_alanine_dipeptide_M250_s0.log,RESULT_PARTIAL,alanine_dipeptide,,,-494.50286507,,300,,splat,,,,,,,2000,250,,,,,,,,,,,
iso_alanine_dipeptide_M250_s0.log,STEP,,,,-494.633991,,,,,,,,,,,2000,,,,,,9.80e+00,786.9418,3.78e+00,7.88e+01,4.80e-02,1.1e+10,
iso_alanine_dipeptide_M250_s0.log,STEP,,,,-494.727554,,,,,,,,,,,2500,,,,,,8.50e+00,787.1550,4.52e+00,8.50e+01,5.32e-02,1.7e+10,
iso_alanine_dipeptide_M250_s0.log,RESULT_PARTIAL,alanine_dipeptide,,,-494.72028965,,421,,splat,,,,,,,3000,250,,,,,,,,,,,
iso_alanine_dipeptide_M250_s0.log,STEP,,,,-494.855172,,,,,,,,,,,3000,,,,,,7.06e+00,787.1663,4.97e+00,8.59e+01,5.79e-02,7.9e+10,
iso_alanine_dipeptide_M250_s0.log,STEP,,,,-494.926677,,,,,,,,,,,3500,,,,,,6.06e+00,787.2247,6.26e+00,8.68e+01,7.21e-02,1.5e+10,
iso_alanine_dipeptide_M250_s0.log,RESULT_PARTIAL,alanine_dipeptide,,,-494.87646298,,541,,splat,,,,,,,4000,250,,,,,,,,,,,
iso_alanine_dipeptide_M250_s0.log,STEP,,,,-494.998720,,,,,,,,,,,4000,,,,,,6.24e+00,787.4140,6.73e+00,8.47e+01,7.95e-02,3.6e+10,
iso_alanine_dipeptide_M250_s0.log,STEP,,,,-495.053117,,,,,,,,,,,4500,,,,,,3.94e+00,787.3477,7.19e+00,9.52e+01,7.55e-02,1.6e+10,
iso_alanine_dipeptide_M250_s0.log,RESULT_PARTIAL,alanine_dipeptide,,,-494.94726410,,667,,splat,,,,,,,5000,250,,,,,,,,,,,
iso_alanine_dipeptide_M250_s0.log,STEP,,,,-495.086527,,,,,,,,,,,5000,,,,,,5.99e+00,787.0582,7.55e+00,9.99e+01,7.56e-02,7.6e+10,
iso_alanine_dipeptide_M250_s0.log,STEP,,,,-495.128352,,,,,,,,,,,5500,,,,,,4.01e+00,786.8657,8.63e+00,1.02e+02,8.46e-02,2.4e+10,
iso_alanine_dipeptide_M250_s0.log,RESULT_PARTIAL,alanine_dipeptide,,,-495.07801841,,788,,splat,,,,,,,6000,250,,,,,,,,,,,
iso_alanine_dipeptide_M250_s0.log,STEP,,,,-495.196792,,,,,,,,,,,6000,,,,,,3.00e+00,787.0007,8.88e+00,1.06e+02,8.40e-02,5.3e+10,
iso_alanine_dipeptide_M250_s0.log,STEP,,,,-495.229985,,,,,,,,,,,6500,,,,,,3.44e+00,787.2167,8.51e+00,1.07e+02,7.97e-02,2.7e+10,
iso_alanine_dipeptide_M250_s0.log,RESULT_PARTIAL,alanine_dipeptide,,,-495.14087482,,911,,splat,,,,,,,7000,250,,,,,,,,,,,
iso_alanine_dipeptide_M250_s0.log,STEP,,,,-495.257223,,,,,,,,,,,7000,,,,,,3.02e+00,787.1648,7.75e+00,1.04e+02,7.47e-02,6.7e+08,
iso_alanine_dipeptide_M250_s0.log,STEP,,,,-495.266321,,,,,,,,,,,7500,,,,,,2.65e+00,787.1499,7.49e+00,1.05e+02,7.10e-02,1.1e+10,
iso_alanine_dipeptide_M250_s0.log,RESULT_PARTIAL,alanine_dipeptide,,,-495.15530288,,1023,,splat,,,,,,,8000,250,,,,,,,,,,,
iso_alanine_dipeptide_M250_s0.log,STEP,,,,-495.268919,,,,,,,,,,,8000,,,,,,2.07e+00,787.2753,7.29e+00,1.06e+02,6.88e-02,1.6e+09,
iso_alanine_dipeptide_M250_s0.log,STEP,,,,-495.268192,,,,,,,,,,,8500,,,,,,2.90e+00,787.2854,7.34e+00,1.07e+02,6.86e-02,1.8e+09,
iso_alanine_dipeptide_M250_s0.log,RESULT_PARTIAL,alanine_dipeptide,,,-495.15872940,,1138,,splat,,,,,,,9000,250,,,,,,,,,,,
iso_alanine_dipeptide_M250_s0.log,STEP,,,,-495.271630,,,,,,,,,,,9000,,,,,,2.09e+00,787.2078,7.18e+00,1.09e+02,6.61e-02,1.2e+09,
iso_alanine_dipeptide_M250_s0.log,STEP,,,,-495.275392,,,,,,,,,,,9500,,,,,,1.27e+00,787.2556,6.32e+00,1.11e+02,5.70e-02,7.9e+08,
iso_alanine_dipeptide_M250_s0.log,RESULT_PARTIAL,alanine_dipeptide,,,-495.17103329,,1258,,splat,,,,,,,10000,250,,,,,,,,,,,
iso_alanine_dipeptide_M250_s0.log,STEP,,,,-495.278603,,,,,,,,,,,10000,,,,,,1.24e+00,787.2452,5.39e+00,1.15e+02,4.68e-02,5.6e+08,
iso_alanine_dipeptide_M250_s0.log,STEP,,,,-495.280535,,,,,,,,,,,10500,,,,,,5.64e-03,787.2402,4.30e+00,1.19e+02,3.61e-02,4.1e+08,
iso_alanine_dipeptide_M250_s0.log,RESULT_PARTIAL,alanine_dipeptide,,,-495.17525774,,1370,,splat,,,,,,,11000,250,,,,,,,,,,,
iso_alanine_dipeptide_M250_s0.log,STEP,,,,-495.282451,,,,,,,,,,,11000,,,,,,4.32e-03,787.2503,3.69e+00,1.20e+02,3.08e-02,4.1e+08,
iso_alanine_dipeptide_M250_s0.log,STEP,,,,-495.284922,,,,,,,,,,,11500,,,,,,3.34e-03,787.2541,3.34e+00,1.20e+02,2.79e-02,4.8e+08,
iso_alanine_dipeptide_M250_s0.log,RESULT_PARTIAL,alanine_dipeptide,,,-495.17586092,,1471,,splat,,,,,,,12000,250,,,,,,,,,,,
iso_alanine_dipeptide_M250_s0.log,STEP,,,,-495.285926,,,,,,,,,,,11999,,,,,,1.66e-03,787.2447,3.13e+00,1.20e+02,2.61e-02,5.2e+08,
iso_alanine_dipeptide_M250_s0.log,RESULT_PARTIAL,alanine_dipeptide,,200,-495.17586092,,1475,,splat,,pbe,,,,,,250,12000,0,424,,,,,,,,
iso_alanine_dipeptide_M250_s0.log,RESULT,alanine_dipeptide,,200,-495.17586092,,1497,,splat,,pbe,,,,,,250,12000,0,424,-495.17583628,,,,,,,-0.02463602
iso_ethanol_M288_s0.log,STEP,,,,560.532448,,,,,,,,,,,0,,,,,,7.70e+02,167.3338,7.23e-01,8.12e+00,8.90e-02,6.8e+06,
iso_ethanol_M288_s0.log,STEP,,,,-154.562535,,,,,,,,,,,500,,,,,,1.64e+01,156.9349,6.19e+00,1.16e+02,5.36e-02,5.0e+11,
iso_ethanol_M288_s0.log,RESULT_PARTIAL,ethanol,,,-154.62686463,,218,,splat,,,,,,,1000,288,,,,,,,,,,,
iso_ethanol_M288_s0.log,STEP,,,,-154.632246,,,,,,,,,,,1000,,,,,,7.51e+00,157.0976,7.31e+00,1.20e+02,6.11e-02,2.4e+12,
iso_ethanol_M288_s0.log,STEP,,,,-154.850425,,,,,,,,,,,1500,,,,,,7.27e+00,156.8166,1.41e+01,1.25e+02,1.13e-01,1.9e+11,
iso_ethanol_M288_s0.log,RESULT_PARTIAL,ethanol,,,-154.87351845,,385,,splat,,,,,,,2000,288,,,,,,,,,,,
iso_ethanol_M288_s0.log,STEP,,,,-154.877789,,,,,,,,,,,2000,,,,,,4.89e+00,156.8064,2.01e+01,1.28e+02,1.57e-01,1.7e+11,
iso_ethanol_M288_s0.log,STEP,,,,-154.897176,,,,,,,,,,,2500,,,,,,2.80e+00,156.7971,2.23e+01,1.42e+02,1.57e-01,3.8e+11,
iso_ethanol_M288_s0.log,RESULT_PARTIAL,ethanol,,,-154.89868600,,554,,splat,,,,,,,3000,288,,,,,,,,,,,
iso_ethanol_M288_s0.log,STEP,,,,-154.902049,,,,,,,,,,,3000,,,,,,1.75e+00,156.8137,2.41e+01,1.49e+02,1.62e-01,1.9e+11,
iso_ethanol_M288_s0.log,STEP,,,,-154.902994,,,,,,,,,,,3500,,,,,,1.63e+00,156.7908,3.46e+01,1.62e+02,2.13e-01,9.7e+10,
iso_ethanol_M288_s0.log,RESULT_PARTIAL,ethanol,,,-154.89642810,,723,,splat,,,,,,,4000,288,,,,,,,,,,,
iso_ethanol_M288_s0.log,STEP,,,,-154.899135,,,,,,,,,,,4000,,,,,,4.36e+00,156.7559,3.88e+01,1.89e+02,2.05e-01,1.5e+11,
iso_ethanol_M288_s0.log,STEP,,,,-154.911775,,,,,,,,,,,4500,,,,,,2.59e+00,156.7963,4.37e+01,2.02e+02,2.16e-01,4.8e+11,
iso_ethanol_M288_s0.log,RESULT_PARTIAL,ethanol,,,-154.91117572,,890,,splat,,,,,,,5000,288,,,,,,,,,,,
iso_ethanol_M288_s0.log,STEP,,,,-154.913725,,,,,,,,,,,5000,,,,,,2.29e+00,156.7840,5.33e+01,2.23e+02,2.38e-01,2.9e+11,
iso_ethanol_M288_s0.log,STEP,,,,-154.910929,,,,,,,,,,,5500,,,,,,3.22e+00,156.8009,5.79e+01,2.35e+02,2.46e-01,1.3e+11,
iso_ethanol_M288_s0.log,RESULT_PARTIAL,ethanol,,,-154.91378424,,1056,,splat,,,,,,,6000,288,,,,,,,,,,,
iso_ethanol_M288_s0.log,STEP,,,,-154.916212,,,,,,,,,,,6000,,,,,,2.23e+00,156.7893,6.09e+01,2.62e+02,2.33e-01,2.0e+11,
iso_ethanol_M288_s0.log,STEP,,,,-154.917145,,,,,,,,,,,6500,,,,,,1.84e+00,156.7932,6.54e+01,2.80e+02,2.34e-01,2.6e+11,
iso_ethanol_M288_s0.log,RESULT_PARTIAL,ethanol,,,-154.91061476,,1225,,splat,,,,,,,7000,288,,,,,,,,,,,
iso_ethanol_M288_s0.log,STEP,,,,-154.912813,,,,,,,,,,,7000,,,,,,3.59e+00,156.8007,7.36e+01,2.94e+02,2.51e-01,1.7e+11,
iso_ethanol_M288_s0.log,STEP,,,,-154.919296,,,,,,,,,,,7500,,,,,,1.79e+00,156.7984,6.52e+01,3.14e+02,2.08e-01,1.6e+11,
iso_ethanol_M288_s0.log,RESULT_PARTIAL,ethanol,,,-154.91780328,,1391,,splat,,,,,,,8000,288,,,,,,,,,,,
iso_ethanol_M288_s0.log,STEP,,,,-154.920211,,,,,,,,,,,8000,,,,,,2.04e+00,156.8054,6.65e+01,3.15e+02,2.11e-01,2.3e+11,
iso_ethanol_M288_s0.log,STEP,,,,-154.921470,,,,,,,,,,,8500,,,,,,4.96e-01,156.8002,5.75e+01,3.19e+02,1.80e-01,1.1e+11,
iso_ethanol_M288_s0.log,RESULT_PARTIAL,ethanol,,,-154.91936704,,1564,,splat,,,,,,,9000,288,,,,,,,,,,,
iso_ethanol_M288_s0.log,STEP,,,,-154.921707,,,,,,,,,,,9000,,,,,,2.21e-01,156.7998,4.75e+01,3.20e+02,1.49e-01,1.3e+11,
iso_ethanol_M288_s0.log,STEP,,,,-154.921834,,,,,,,,,,,9500,,,,,,7.39e-02,156.8002,4.11e+01,3.19e+02,1.29e-01,1.7e+11,
iso_ethanol_M288_s0.log,RESULT_PARTIAL,ethanol,,,-154.91965810,,1733,,splat,,,,,,,10000,288,,,,,,,,,,,
iso_ethanol_M288_s0.log,STEP,,,,-154.921860,,,,,,,,,,,10000,,,,,,2.68e-04,156.8005,3.68e+01,3.17e+02,1.16e-01,2.0e+11,
iso_ethanol_M288_s0.log,STEP,,,,-154.921889,,,,,,,,,,,10500,,,,,,2.47e-04,156.8006,3.43e+01,3.16e+02,1.09e-01,3.0e+11,
iso_ethanol_M288_s0.log,RESULT_PARTIAL,ethanol,,,-154.91982437,,1900,,splat,,,,,,,11000,288,,,,,,,,,,,
iso_ethanol_M288_s0.log,STEP,,,,-154.921917,,,,,,,,,,,11000,,,,,,2.29e-04,156.8004,3.28e+01,3.15e+02,1.04e-01,4.1e+11,
iso_ethanol_M288_s0.log,STEP,,,,-154.921945,,,,,,,,,,,11500,,,,,,2.18e-04,156.8002,3.18e+01,3.14e+02,1.01e-01,4.9e+11,
iso_ethanol_M288_s0.log,RESULT_PARTIAL,ethanol,,,-154.91991727,,2063,,splat,,,,,,,12000,288,,,,,,,,,,,
iso_ethanol_M288_s0.log,STEP,,,,-154.921968,,,,,,,,,,,11999,,,,,,2.08e-04,156.8000,3.12e+01,3.14e+02,9.93e-02,5.4e+11,
iso_ethanol_M288_s0.log,RESULT_PARTIAL,ethanol,,72,-154.91991727,,2067,,splat,,pbe,,,,,,288,12000,0,412,,,,,,,,
iso_ethanol_M288_s0.log,RESULT,ethanol,,72,-154.91991727,,2092,,splat,,pbe,,,,,,288,12000,0,412,-154.91989430,,,,,,,-0.02296780
iso_ethanol_M288_s1.log,STEP,,,,599.446432,,,,,,,,,,,0,,,,,,8.31e+02,177.5703,8.21e-01,8.16e+00,1.01e-01,5.1e+06,
iso_ethanol_M288_s1.log,STEP,,,,-154.601240,,,,,,,,,,,500,,,,,,6.66e+00,156.9420,8.17e+00,1.41e+02,5.80e-02,2.4e+11,
iso_ethanol_M288_s1.log,RESULT_PARTIAL,ethanol,,,-154.65595454,,212,,splat,,,,,,,1000,288,,,,,,,,,,,
iso_ethanol_M288_s1.log,STEP,,,,-154.658707,,,,,,,,,,,1000,,,,,,1.27e+01,156.9368,1.01e+01,1.46e+02,6.95e-02,2.0e+11,
iso_ethanol_M288_s1.log,STEP,,,,-154.852760,,,,,,,,,,,1500,,,,,,4.92e+00,156.8324,1.78e+01,1.56e+02,1.14e-01,8.4e+10,
iso_ethanol_M288_s1.log,RESULT_PARTIAL,ethanol,,,-154.88907318,,381,,splat,,,,,,,2000,288,,,,,,,,,,,
iso_ethanol_M288_s1.log,STEP,,,,-154.891731,,,,,,,,,,,2000,,,,,,2.89e+00,156.8006,2.26e+01,1.71e+02,1.32e-01,2.3e+11,
iso_ethanol_M288_s1.log,STEP,,,,-154.875024,,,,,,,,,,,2500,,,,,,4.57e+00,156.8017,2.62e+01,1.81e+02,1.45e-01,1.6e+11,
iso_ethanol_M288_s1.log,RESULT_PARTIAL,ethanol,,,-154.89004216,,550,,splat,,,,,,,3000,288,,,,,,,,,,,
iso_ethanol_M288_s1.log,STEP,,,,-154.892813,,,,,,,,,,,3000,,,,,,3.75e+00,156.8101,3.46e+01,1.99e+02,1.74e-01,1.4e+11,
iso_ethanol_M288_s1.log,STEP,,,,-154.903021,,,,,,,,,,,3500,,,,,,1.84e+00,156.7999,3.95e+01,2.17e+02,1.82e-01,1.7e+11,
iso_ethanol_M288_s1.log,RESULT_PARTIAL,ethanol,,,-154.90264278,,717,,splat,,,,,,,4000,288,,,,,,,,,,,
iso_ethanol_M288_s1.log,STEP,,,,-154.905304,,,,,,,,,,,4000,,,,,,3.26e+00,156.7991,4.61e+01,2.31e+02,1.99e-01,1.4e+12,
iso_ethanol_M288_s1.log,STEP,,,,-154.900728,,,,,,,,,,,4500,,,,,,2.51e+00,156.8131,5.04e+01,2.64e+02,1.91e-01,3.8e+10,
iso_ethanol_M288_s1.log,RESULT_PARTIAL,ethanol,,,-154.90933881,,879,,splat,,,,,,,5000,288,,,,,,,,,,,
iso_ethanol_M288_s1.log,STEP,,,,-154.911583,,,,,,,,,,,5000,,,,,,2.51e+00,156.8013,5.22e+01,2.83e+02,1.84e-01,6.8e+11,
iso_ethanol_M288_s1.log,STEP,,,,-154.915003,,,,,,,,,,,5500,,,,,,1.07e+00,156.8092,6.25e+01,2.94e+02,2.13e-01,6.0e+10,
iso_ethanol_M288_s1.log,RESULT_PARTIAL,ethanol,,,-154.91275050,,1051,,splat,,,,,,,6000,288,,,,,,,,,,,
iso_ethanol_M288_s1.log,STEP,,,,-154.915308,,,,,,,,,,,6000,,,,,,2.10e+00,156.8063,6.54e+01,3.02e+02,2.17e-01,5.3e+11,
iso_ethanol_M288_s1.log,STEP,,,,-154.915037,,,,,,,,,,,6500,,,,,,2.07e+00,156.8068,7.34e+01,3.26e+02,2.25e-01,5.5e+11,
iso_ethanol_M288_s1.log,RESULT_PARTIAL,ethanol,,,-154.91527012,,1226,,splat,,,,,,,7000,288,,,,,,,,,,,
iso_ethanol_M288_s1.log,STEP,,,,-154.918111,,,,,,,,,,,7000,,,,,,1.90e+00,156.8054,8.08e+01,3.40e+02,2.38e-01,3.8e+11,
iso_ethanol_M288_s1.log,STEP,,,,-154.920296,,,,,,,,,,,7500,,,,,,9.78e-01,156.7980,7.44e+01,3.77e+02,1.97e-01,1.9e+10,
iso_ethanol_M288_s1.log,RESULT_PARTIAL,ethanol,,,-154.91804275,,1396,,splat,,,,,,,8000,288,,,,,,,,,,,
iso_ethanol_M288_s1.log,STEP,,,,-154.920933,,,,,,,,,,,8000,,,,,,1.16e+00,156.8078,7.53e+01,3.82e+02,1.97e-01,1.9e+12,
iso_ethanol_M288_s1.log,STEP,,,,-154.922011,,,,,,,,,,,8500,,,,,,7.72e-01,156.8051,6.81e+01,3.90e+02,1.75e-01,2.9e+12,
iso_ethanol_M288_s1.log,RESULT_PARTIAL,ethanol,,,-154.91970190,,1566,,splat,,,,,,,9000,288,,,,,,,,,,,
iso_ethanol_M288_s1.log,STEP,,,,-154.922424,,,,,,,,,,,9000,,,,,,1.76e-01,156.8044,6.03e+01,3.93e+02,1.53e-01,1.4e+12,
iso_ethanol_M288_s1.log,STEP,,,,-154.922615,,,,,,,,,,,9500,,,,,,1.12e-01,156.8039,5.39e+01,3.95e+02,1.36e-01,1.1e+12,
iso_ethanol_M288_s1.log,RESULT_PARTIAL,ethanol,,,-154.92019658,,1737,,splat,,,,,,,10000,288,,,,,,,,,,,
iso_ethanol_M288_s1.log,STEP,,,,-154.922766,,,,,,,,,,,10000,,,,,,1.17e-03,156.8035,4.86e+01,3.97e+02,1.22e-01,1.7e+12,
iso_ethanol_M288_s1.log,STEP,,,,-154.922858,,,,,,,,,,,10500,,,,,,2.98e-04,156.8032,4.53e+01,3.99e+02,1.13e-01,3.4e+12,
iso_ethanol_M288_s1.log,RESULT_PARTIAL,ethanol,,,-154.92047605,,1909,,splat,,,,,,,11000,288,,,,,,,,,,,
iso_ethanol_M288_s1.log,STEP,,,,-154.922906,,,,,,,,,,,11000,,,,,,2.65e-04,156.8030,4.31e+01,4.00e+02,1.08e-01,6.1e+12,
iso_ethanol_M288_s1.log,STEP,,,,-154.922931,,,,,,,,,,,11500,,,,,,2.44e-04,156.8028,4.17e+01,4.01e+02,1.04e-01,8.5e+12,
iso_ethanol_M288_s1.log,RESULT_PARTIAL,ethanol,,,-154.92056887,,2069,,splat,,,,,,,12000,288,,,,,,,,,,,
iso_ethanol_M288_s1.log,STEP,,,,-154.922947,,,,,,,,,,,11999,,,,,,2.28e-04,156.8027,4.08e+01,4.02e+02,1.02e-01,9.9e+12,
iso_ethanol_M288_s1.log,RESULT_PARTIAL,ethanol,,72,-154.92056887,,2074,,splat,,pbe,,,,,,288,12000,1,412,,,,,,,,
iso_ethanol_M288_s1.log,RESULT,ethanol,,72,-154.92056887,,2098,,splat,,pbe,,,,,,288,12000,1,412,-154.91960427,,,,,,,-0.96459732
iso_alanine_dipeptide_M250_s1.log,STEP,,,,2113.863880,,,,,,,,,,,0,,,,,,1.23e+03,859.3178,3.81e-01,7.45e+00,5.12e-02,8.8e+04,
iso_alanine_dipeptide_M250_s1.log,STEP,,,,-493.354702,,,,,,,,,,,500,,,,,,1.32e+01,786.7089,1.74e+00,8.89e+01,1.96e-02,1.5e+09,
iso_alanine_dipeptide_M250_s1.log,RESULT_PARTIAL,alanine_dipeptide,,,-494.06645296,,165,,splat,,,,,,,1000,250,,,,,,,,,,,
iso_alanine_dipeptide_M250_s1.log,STEP,,,,-494.216400,,,,,,,,,,,1000,,,,,,9.57e+00,787.0697,2.20e+00,8.48e+01,2.59e-02,1.6e+10,
iso_alanine_dipeptide_M250_s1.log,STEP,,,,-494.499051,,,,,,,,,,,1500,,,,,,9.07e+00,786.9026,2.86e+00,7.95e+01,3.60e-02,1.9e+09,
iso_alanine_dipeptide_M250_s1.log,RESULT_PARTIAL,alanine_dipeptide,,,-494.50660101,,282,,splat,,,,,,,2000,250,,,,,,,,,,,
iso_alanine_dipeptide_M250_s1.log,STEP,,,,-494.620884,,,,,,,,,,,2000,,,,,,6.30e+00,787.2688,3.66e+00,7.60e+01,4.81e-02,6.5e+09,
iso_alanine_dipeptide_M250_s1.log,STEP,,,,-494.753360,,,,,,,,,,,2500,,,,,,6.27e+00,787.1444,4.05e+00,7.60e+01,5.33e-02,4.5e+09,
iso_alanine_dipeptide_M250_s1.log,RESULT_PARTIAL,alanine_dipeptide,,,-494.68938538,,405,,splat,,,,,,,3000,250,,,,,,,,,,,
iso_alanine_dipeptide_M250_s1.log,STEP,,,,-494.825475,,,,,,,,,,,3000,,,,,,7.66e+00,787.0347,5.33e+00,7.95e+01,6.70e-02,2.5e+09,
iso_alanine_dipeptide_M250_s1.log,STEP,,,,-494.943315,,,,,,,,,,,3500,,,,,,5.43e+00,787.1166,5.69e+00,8.33e+01,6.84e-02,5.6e+09,
iso_alanine_dipeptide_M250_s1.log,RESULT_PARTIAL,alanine_dipeptide,,,-494.87713702,,530,,splat,,,,,,,4000,250,,,,,,,,,,,
iso_alanine_dipeptide_M250_s1.log,STEP,,,,-495.010948,,,,,,,,,,,4000,,,,,,4.35e+00,787.2658,6.25e+00,9.07e+01,6.89e-02,2.2e+09,
iso_alanine_dipeptide_M250_s1.log,STEP,,,,-495.067797,,,,,,,,,,,4500,,,,,,5.25e+00,787.3991,6.56e+00,9.86e+01,6.66e-02,4.8e+09,
iso_alanine_dipeptide_M250_s1.log,RESULT_PARTIAL,alanine_dipeptide,,,-494.96484660,,655,,splat,,,,,,,5000,250,,,,,,,,,,,
iso_alanine_dipeptide_M250_s1.log,STEP,,,,-495.092554,,,,,,,,,,,5000,,,,,,5.24e+00,787.3506,7.10e+00,1.13e+02,6.27e-02,1.3e+09,
iso_alanine_dipeptide_M250_s1.log,STEP,,,,-495.144856,,,,,,,,,,,5500,,,,,,3.82e+00,787.5102,6.85e+00,1.23e+02,5.55e-02,9.5e+08,
iso_alanine_dipeptide_M250_s1.log,RESULT_PARTIAL,alanine_dipeptide,,,-495.01605617,,777,,splat,,,,,,,6000,250,,,,,,,,,,,
iso_alanine_dipeptide_M250_s1.log,STEP,,,,-495.141508,,,,,,,,,,,6000,,,,,,6.04e+00,787.4492,6.93e+00,1.34e+02,5.19e-02,8.3e+08,
iso_alanine_dipeptide_M250_s1.log,STEP,,,,-495.181301,,,,,,,,,,,6500,,,,,,5.21e+00,787.3308,6.66e+00,1.39e+02,4.79e-02,7.3e+08,
iso_alanine_dipeptide_M250_s1.log,RESULT_PARTIAL,alanine_dipeptide,,,-495.08545713,,903,,splat,,,,,,,7000,250,,,,,,,,,,,
iso_alanine_dipeptide_M250_s1.log,STEP,,,,-495.207229,,,,,,,,,,,7000,,,,,,3.73e+00,787.2800,6.82e+00,1.39e+02,4.90e-02,6.4e+08,
iso_alanine_dipeptide_M250_s1.log,STEP,,,,-495.220870,,,,,,,,,,,7500,,,,,,2.97e+00,787.1003,6.88e+00,1.39e+02,4.96e-02,5.0e+08,
iso_alanine_dipeptide_M250_s1.log,RESULT_PARTIAL,alanine_dipeptide,,,-495.11423363,,1026,,splat,,,,,,,8000,250,,,,,,,,,,,
iso_alanine_dipeptide_M250_s1.log,STEP,,,,-495.233432,,,,,,,,,,,8000,,,,,,3.08e+00,787.1104,6.08e+00,1.46e+02,4.16e-02,4.7e+08,
iso_alanine_dipeptide_M250_s1.log,STEP,,,,-495.251295,,,,,,,,,,,8500,,,,,,3.52e+00,787.1008,4.89e+00,1.51e+02,3.24e-02,4.3e+08,
iso_alanine_dipeptide_M250_s1.log,RESULT_PARTIAL,alanine_dipeptide,,,-495.15736066,,1140,,splat,,,,,,,9000,250,,,,,,,,,,,
iso_alanine_dipeptide_M250_s1.log,STEP,,,,-495.265209,,,,,,,,,,,9000,,,,,,3.03e+00,787.0682,4.46e+00,1.53e+02,2.92e-02,6.3e+08,
iso_alanine_dipeptide_M250_s1.log,STEP,,,,-495.271785,,,,,,,,,,,9500,,,,,,1.58e+00,787.1309,3.82e+00,1.55e+02,2.45e-02,9.3e+08,
iso_alanine_dipeptide_M250_s1.log,RESULT_PARTIAL,alanine_dipeptide,,,-495.17209939,,1248,,splat,,,,,,,10000,250,,,,,,,,,,,
iso_alanine_dipeptide_M250_s1.log,STEP,,,,-495.275778,,,,,,,,,,,10000,,,,,,1.44e+00,787.1676,3.46e+00,1.59e+02,2.17e-02,1.2e+09,
iso_alanine_dipeptide_M250_s1.log,STEP,,,,-495.275083,,,,,,,,,,,10500,,,,,,7.51e-03,787.2487,3.08e+00,1.61e+02,1.91e-02,1.6e+09,
iso_alanine_dipeptide_M250_s1.log,RESULT_PARTIAL,alanine_dipeptide,,,-495.17914509,,1342,,splat,,,,,,,11000,250,,,,,,,,,,,
iso_alanine_dipeptide_M250_s1.log,STEP,,,,-495.276943,,,,,,,,,,,11000,,,,,,3.06e-03,787.3042,2.79e+00,1.62e+02,1.72e-02,1.9e+09,
iso_alanine_dipeptide_M250_s1.log,STEP,,,,-495.277323,,,,,,,,,,,11500,,,,,,2.54e-03,787.3179,2.64e+00,1.62e+02,1.62e-02,2.0e+09,
iso_alanine_dipeptide_M250_s1.log,RESULT_PARTIAL,alanine_dipeptide,,,-495.18286512,,1430,,splat,,,,,,,12000,250,,,,,,,,,,,
iso_alanine_dipeptide_M250_s1.log,STEP,,,,-495.277825,,,,,,,,,,,11999,,,,,,2.25e-03,787.3255,2.54e+00,1.63e+02,1.56e-02,2.1e+09,
iso_alanine_dipeptide_M250_s1.log,RESULT_PARTIAL,alanine_dipeptide,,200,-495.18286512,,1434,,splat,,pbe,,,,,,250,12000,1,424,,,,,,,,
iso_alanine_dipeptide_M250_s1.log,RESULT,alanine_dipeptide,,200,-495.18286512,,1456,,splat,,pbe,,,,,,250,12000,1,424,-495.18286165,,,,,,,-0.00346480
iso_alanine_dipeptide_M250_s2.log,STEP,,,,2001.224978,,,,,,,,,,,0,,,,,,1.16e+03,839.9672,3.60e-01,7.59e+00,4.74e-02,9.3e+04,
iso_alanine_dipeptide_M250_s2.log,STEP,,,,-492.035760,,,,,,,,,,,500,,,,,,1.92e+01,785.5919,1.86e+00,7.13e+01,2.61e-02,1.7e+10,
iso_alanine_dipeptide_M250_s2.log,RESULT_PARTIAL,alanine_dipeptide,,,-493.38251266,,162,,splat,,,,,,,1000,250,,,,,,,,,,,
iso_alanine_dipeptide_M250_s2.log,STEP,,,,-493.518390,,,,,,,,,,,1000,,,,,,1.28e+01,787.1341,2.56e+00,7.14e+01,3.59e-02,3.9e+09,
iso_alanine_dipeptide_M250_s2.log,STEP,,,,-494.006059,,,,,,,,,,,1500,,,,,,1.02e+01,787.1926,3.47e+00,8.52e+01,4.08e-02,2.9e+10,
iso_alanine_dipeptide_M250_s2.log,RESULT_PARTIAL,alanine_dipeptide,,,-494.29532437,,286,,splat,,,,,,,2000,250,,,,,,,,,,,
iso_alanine_dipeptide_M250_s2.log,STEP,,,,-494.431248,,,,,,,,,,,2000,,,,,,1.13e+01,786.5320,4.15e+00,9.97e+01,4.16e-02,1.6e+11,
iso_alanine_dipeptide_M250_s2.log,STEP,,,,-494.788022,,,,,,,,,,,2500,,,,,,6.78e+00,787.1299,5.07e+00,1.13e+02,4.48e-02,5.0e+10,
iso_alanine_dipeptide_M250_s2.log,RESULT_PARTIAL,alanine_dipeptide,,,-494.76153344,,406,,splat,,,,,,,3000,250,,,,,,,,,,,
iso_alanine_dipeptide_M250_s2.log,STEP,,,,-494.886165,,,,,,,,,,,3000,,,,,,9.33e+00,787.2478,6.08e+00,1.29e+02,4.71e-02,1.8e+10,
iso_alanine_dipeptide_M250_s2.log,STEP,,,,-494.911701,,,,,,,,,,,3500,,,,,,7.57e+00,787.1911,7.34e+00,1.38e+02,5.33e-02,1.9e+11,
iso_alanine_dipeptide_M250_s2.log,RESULT_PARTIAL,alanine_dipeptide,,,-494.84584794,,528,,splat,,,,,,,4000,250,,,,,,,,,,,
iso_alanine_dipeptide_M250_s2.log,STEP,,,,-494.961710,,,,,,,,,,,4000,,,,,,7.67e+00,787.2617,7.91e+00,1.43e+02,5.52e-02,3.1e+09,
iso_alanine_dipeptide_M250_s2.log,STEP,,,,-495.050668,,,,,,,,,,,4500,,,,,,6.45e+00,787.0470,8.82e+00,1.55e+02,5.69e-02,2.6e+10,
iso_alanine_dipeptide_M250_s2.log,RESULT_PARTIAL,alanine_dipeptide,,,-494.98476164,,651,,splat,,,,,,,5000,250,,,,,,,,,,,
iso_alanine_dipeptide_M250_s2.log,STEP,,,,-495.086423,,,,,,,,,,,5000,,,,,,6.53e+00,787.2723,9.71e+00,1.77e+02,5.50e-02,9.9e+08,
iso_alanine_dipeptide_M250_s2.log,STEP,,,,-495.140983,,,,,,,,,,,5500,,,,,,4.53e+00,787.2557,9.74e+00,1.80e+02,5.40e-02,3.3e+09,
iso_alanine_dipeptide_M250_s2.log,RESULT_PARTIAL,alanine_dipeptide,,,-495.05206377,,774,,splat,,,,,,,6000,250,,,,,,,,,,,
iso_alanine_dipeptide_M250_s2.log,STEP,,,,-495.154883,,,,,,,,,,,6000,,,,,,4.44e+00,787.3077,9.64e+00,1.84e+02,5.24e-02,1.3e+09,
iso_alanine_dipeptide_M250_s2.log,STEP,,,,-495.161353,,,,,,,,,,,6500,,,,,,3.25e+00,787.3568,9.47e+00,1.88e+02,5.02e-02,1.5e+10,
iso_alanine_dipeptide_M250_s2.log,RESULT_PARTIAL,alanine_dipeptide,,,-495.06330400,,897,,splat,,,,,,,7000,250,,,,,,,,,,,
iso_alanine_dipeptide_M250_s2.log,STEP,,,,-495.167461,,,,,,,,,,,7000,,,,,,4.07e+00,787.3541,9.34e+00,1.89e+02,4.94e-02,1.4e+10,
iso_alanine_dipeptide_M250_s2.log,STEP,,,,-495.182188,,,,,,,,,,,7500,,,,,,3.45e+00,787.2949,8.71e+00,1.91e+02,4.56e-02,8.9e+09,
iso_alanine_dipeptide_M250_s2.log,RESULT_PARTIAL,alanine_dipeptide,,,-495.09155948,,1026,,splat,,,,,,,8000,250,,,,,,,,,,,
iso_alanine_dipeptide_M250_s2.log,STEP,,,,-495.194653,,,,,,,,,,,8000,,,,,,3.11e+00,787.3950,8.21e+00,1.89e+02,4.35e-02,1.2e+09,
iso_alanine_dipeptide_M250_s2.log,STEP,,,,-495.214505,,,,,,,,,,,8500,,,,,,2.27e+00,787.2245,7.97e+00,1.90e+02,4.20e-02,6.9e+09,
iso_alanine_dipeptide_M250_s2.log,RESULT_PARTIAL,alanine_dipeptide,,,-495.12724894,,1151,,splat,,,,,,,9000,250,,,,,,,,,,,
iso_alanine_dipeptide_M250_s2.log,STEP,,,,-495.231418,,,,,,,,,,,9000,,,,,,1.79e+00,787.2125,7.38e+00,1.90e+02,3.88e-02,4.3e+09,
iso_alanine_dipeptide_M250_s2.log,STEP,,,,-495.239951,,,,,,,,,,,9500,,,,,,3.75e+00,787.2325,6.12e+00,1.91e+02,3.21e-02,2.6e+09,
iso_alanine_dipeptide_M250_s2.log,RESULT_PARTIAL,alanine_dipeptide,,,-495.14974129,,1274,,splat,,,,,,,10000,250,,,,,,,,,,,
iso_alanine_dipeptide_M250_s2.log,STEP,,,,-495.258807,,,,,,,,,,,10000,,,,,,1.85e+00,787.2282,5.27e+00,1.90e+02,2.77e-02,2.0e+09,
iso_alanine_dipeptide_M250_s2.log,STEP,,,,-495.273437,,,,,,,,,,,10500,,,,,,5.89e-01,787.2106,4.46e+00,1.90e+02,2.34e-02,1.1e+09,
iso_alanine_dipeptide_M250_s2.log,RESULT_PARTIAL,alanine_dipeptide,,,-495.16399945,,1398,,splat,,,,,,,11000,250,,,,,,,,,,,
iso_alanine_dipeptide_M250_s2.log,STEP,,,,-495.283970,,,,,,,,,,,11000,,,,,,4.83e-03,787.1491,3.26e+00,1.91e+02,1.71e-02,5.7e+08,
iso_alanine_dipeptide_M250_s2.log,STEP,,,,-495.289228,,,,,,,,,,,11500,,,,,,3.75e-03,787.1138,2.60e+00,1.92e+02,1.36e-02,3.7e+08,
iso_alanine_dipeptide_M250_s2.log,RESULT_PARTIAL,alanine_dipeptide,,,-495.16718205,,1516,,splat,,,,,,,12000,250,,,,,,,,,,,
iso_alanine_dipeptide_M250_s2.log,STEP,,,,-495.292417,,,,,,,,,,,11999,,,,,,3.02e-03,787.0967,2.25e+00,1.93e+02,1.17e-02,2.8e+08,
iso_alanine_dipeptide_M250_s2.log,RESULT_PARTIAL,alanine_dipeptide,,200,-495.16718205,,1520,,splat,,pbe,,,,,,250,12000,2,424,,,,,,,,
iso_alanine_dipeptide_M250_s2.log,RESULT,alanine_dipeptide,,200,-495.16718205,,1542,,splat,,pbe,,,,,,250,12000,2,425,-495.16715814,,,,,,,-0.02391507
iso_ethanol_M288_s2.log,STEP,,,,592.259699,,,,,,,,,,,0,,,,,,8.07e+02,162.7740,8.98e-01,8.39e+00,1.07e-01,4.2e+06,
iso_ethanol_M288_s2.log,STEP,,,,-154.486465,,,,,,,,,,,500,,,,,,1.98e+01,157.0696,8.46e+00,1.10e+02,7.69e-02,4.9e+10,
iso_ethanol_M288_s2.log,RESULT_PARTIAL,ethanol,,,-154.76053045,,210,,splat,,,,,,,1000,288,,,,,,,,,,,
iso_ethanol_M288_s2.log,STEP,,,,-154.767028,,,,,,,,,,,1000,,,,,,9.21e+00,156.8365,8.23e+00,1.16e+02,7.08e-02,2.8e+11,
iso_ethanol_M288_s2.log,STEP,,,,-154.857423,,,,,,,,,,,1500,,,,,,3.07e+00,156.8429,1.82e+01,1.20e+02,1.52e-01,3.5e+10,
iso_ethanol_M288_s2.log,RESULT_PARTIAL,ethanol,,,-154.89017536,,378,,splat,,,,,,,2000,288,,,,,,,,,,,
iso_ethanol_M288_s2.log,STEP,,,,-154.894715,,,,,,,,,,,2000,,,,,,2.87e+00,156.7913,2.26e+01,1.26e+02,1.79e-01,1.1e+11,
iso_ethanol_M288_s2.log,STEP,,,,-154.870751,,,,,,,,,,,2500,,,,,,4.68e+00,156.8560,2.53e+01,1.29e+02,1.96e-01,8.2e+10,
iso_ethanol_M288_s2.log,RESULT_PARTIAL,ethanol,,,-154.87917088,,545,,splat,,,,,,,3000,288,,,,,,,,,,,
iso_ethanol_M288_s2.log,STEP,,,,-154.883184,,,,,,,,,,,3000,,,,,,4.08e+00,156.8214,3.88e+01,1.37e+02,2.84e-01,3.9e+10,
iso_ethanol_M288_s2.log,STEP,,,,-154.896582,,,,,,,,,,,3500,,,,,,2.05e+00,156.8111,3.77e+01,1.51e+02,2.50e-01,3.4e+11,
iso_ethanol_M288_s2.log,RESULT_PARTIAL,ethanol,,,-154.90300206,,715,,splat,,,,,,,4000,288,,,,,,,,,,,
iso_ethanol_M288_s2.log,STEP,,,,-154.907637,,,,,,,,,,,4000,,,,,,3.00e+00,156.7974,4.42e+01,1.64e+02,2.69e-01,1.5e+11,
iso_ethanol_M288_s2.log,STEP,,,,-154.908974,,,,,,,,,,,4500,,,,,,1.65e+00,156.7927,5.20e+01,1.82e+02,2.85e-01,1.4e+10,
iso_ethanol_M288_s2.log,RESULT_PARTIAL,ethanol,,,-154.90914191,,884,,splat,,,,,,,5000,288,,,,,,,,,,,
iso_ethanol_M288_s2.log,STEP,,,,-154.913877,,,,,,,,,,,5000,,,,,,2.74e+00,156.8040,4.97e+01,1.90e+02,2.62e-01,2.5e+11,
iso_ethanol_M288_s2.log,STEP,,,,-154.917145,,,,,,,,,,,5500,,,,,,2.34e+00,156.8013,5.83e+01,2.05e+02,2.84e-01,3.5e+11,
iso_ethanol_M288_s2.log,RESULT_PARTIAL,ethanol,,,-154.91411310,,1049,,splat,,,,,,,6000,288,,,,,,,,,,,
iso_ethanol_M288_s2.log,STEP,,,,-154.918880,,,,,,,,,,,6000,,,,,,2.19e+00,156.8059,7.29e+01,2.15e+02,3.39e-01,6.9e+11,
iso_ethanol_M288_s2.log,STEP,,,,-154.919645,,,,,,,,,,,6500,,,,,,2.02e+00,156.8022,7.47e+01,2.38e+02,3.14e-01,5.1e+10,
iso_ethanol_M288_s2.log,RESULT_PARTIAL,ethanol,,,-154.91480802,,1218,,splat,,,,,,,7000,288,,,,,,,,,,,
iso_ethanol_M288_s2.log,STEP,,,,-154.918853,,,,,,,,,,,7000,,,,,,2.14e+00,156.8033,7.59e+01,2.48e+02,3.06e-01,5.3e+10,
iso_ethanol_M288_s2.log,STEP,,,,-154.922345,,,,,,,,,,,7500,,,,,,1.56e+00,156.8081,7.90e+01,2.55e+02,3.10e-01,9.3e+10,
iso_ethanol_M288_s2.log,RESULT_PARTIAL,ethanol,,,-154.91827833,,1383,,splat,,,,,,,8000,288,,,,,,,,,,,
iso_ethanol_M288_s2.log,STEP,,,,-154.923367,,,,,,,,,,,8000,,,,,,1.15e+00,156.8024,7.17e+01,2.72e+02,2.64e-01,1.1e+11,
iso_ethanol_M288_s2.log,STEP,,,,-154.924048,,,,,,,,,,,8500,,,,,,5.44e-01,156.8051,6.51e+01,2.79e+02,2.33e-01,2.2e+11,
iso_ethanol_M288_s2.log,RESULT_PARTIAL,ethanol,,,-154.91934038,,1551,,splat,,,,,,,9000,288,,,,,,,,,,,
iso_ethanol_M288_s2.log,STEP,,,,-154.924543,,,,,,,,,,,9000,,,,,,5.64e-01,156.8050,5.65e+01,2.83e+02,1.99e-01,3.6e+11,
iso_ethanol_M288_s2.log,STEP,,,,-154.924922,,,,,,,,,,,9500,,,,,,5.37e-03,156.8051,5.05e+01,2.87e+02,1.76e-01,3.8e+11,
iso_ethanol_M288_s2.log,RESULT_PARTIAL,ethanol,,,-154.91981128,,1713,,splat,,,,,,,10000,288,,,,,,,,,,,
iso_ethanol_M288_s2.log,STEP,,,,-154.925166,,,,,,,,,,,10000,,,,,,2.12e-02,156.8054,4.63e+01,2.91e+02,1.59e-01,1.0e+12,
iso_ethanol_M288_s2.log,STEP,,,,-154.925571,,,,,,,,,,,10500,,,,,,4.74e-04,156.8061,4.37e+01,2.93e+02,1.49e-01,7.4e+11,
iso_ethanol_M288_s2.log,RESULT_PARTIAL,ethanol,,,-154.92051914,,1878,,splat,,,,,,,11000,288,,,,,,,,,,,
iso_ethanol_M288_s2.log,STEP,,,,-154.925791,,,,,,,,,,,11000,,,,,,5.06e-04,156.8068,4.22e+01,2.95e+02,1.43e-01,9.3e+11,
iso_ethanol_M288_s2.log,STEP,,,,-154.925893,,,,,,,,,,,11500,,,,,,4.66e-04,156.8071,4.13e+01,2.97e+02,1.39e-01,1.1e+12,
iso_ethanol_M288_s2.log,RESULT_PARTIAL,ethanol,,,-154.92071645,,2035,,splat,,,,,,,12000,288,,,,,,,,,,,
iso_ethanol_M288_s2.log,STEP,,,,-154.925941,,,,,,,,,,,11999,,,,,,4.64e-04,156.8073,4.07e+01,2.97e+02,1.37e-01,1.2e+12,
iso_ethanol_M288_s2.log,RESULT_PARTIAL,ethanol,,72,-154.92071645,,2039,,splat,,pbe,,,,,,288,12000,2,412,,,,,,,,
iso_ethanol_M288_s2.log,RESULT,ethanol,,72,-154.92071645,,2063,,splat,,pbe,,,,,,288,12000,2,412,-154.91852153,,,,,,,-2.19491924
iso_alanine_dipeptide_M500_s0.log,STEP,,,,1940.888727,,,,,,,,,,,0,,,,,,1.03e+03,837.8811,1.02e+00,1.61e+01,6.33e-02,2.5e+06,
iso_alanine_dipeptide_M500_s0.log,STEP,,,,-493.663983,,,,,,,,,,,500,,,,,,2.35e+01,788.2685,5.12e+00,2.06e+02,2.49e-02,7.5e+11,
iso_alanine_dipeptide_M500_s0.log,RESULT_PARTIAL,alanine_dipeptide,,,-494.60057394,,399,,splat,,,,,,,1000,500,,,,,,,,,,,
iso_alanine_dipeptide_M500_s0.log,STEP,,,,-494.647222,,,,,,,,,,,1000,,,,,,1.79e+01,787.9245,9.35e+00,2.14e+02,4.37e-02,5.4e+11,
iso_alanine_dipeptide_M500_s0.log,STEP,,,,-495.144879,,,,,,,,,,,1500,,,,,,1.55e+01,787.8579,1.46e+01,2.21e+02,6.60e-02,2.2e+11,
iso_alanine_dipeptide_M500_s0.log,RESULT_PARTIAL,alanine_dipeptide,,,-495.24707763,,743,,splat,,,,,,,2000,500,,,,,,,,,,,
iso_alanine_dipeptide_M500_s0.log,STEP,,,,-495.293540,,,,,,,,,,,2000,,,,,,6.80e+00,787.7298,1.63e+01,2.28e+02,7.15e-02,6.1e+11,
iso_alanine_dipeptide_M500_s0.log,STEP,,,,-495.356455,,,,,,,,,,,2500,,,,,,5.61e+00,787.7175,2.19e+01,2.35e+02,9.29e-02,1.7e+11,
iso_alanine_dipeptide_M500_s0.log,RESULT_PARTIAL,alanine_dipeptide,,,-495.34221726,,1089,,splat,,,,,,,3000,500,,,,,,,,,,,
iso_alanine_dipeptide_M500_s0.log,STEP,,,,-495.383730,,,,,,,,,,,3000,,,,,,4.19e+00,787.7510,2.42e+01,2.40e+02,1.01e-01,2.4e+11,
iso_alanine_dipeptide_M500_s0.log,STEP,,,,-495.404048,,,,,,,,,,,3500,,,,,,3.66e+00,787.6641,3.01e+01,2.47e+02,1.22e-01,1.5e+11,
iso_alanine_dipeptide_M500_s0.log,RESULT_PARTIAL,alanine_dipeptide,,,-495.34172938,,1434,,splat,,,,,,,4000,500,,,,,,,,,,,
iso_alanine_dipeptide_M500_s0.log,STEP,,,,-495.379485,,,,,,,,,,,4000,,,,,,5.34e+00,787.6508,3.64e+01,2.50e+02,1.46e-01,1.0e+11,
iso_alanine_dipeptide_M500_s0.log,STEP,,,,-495.393707,,,,,,,,,,,4500,,,,,,6.05e+00,787.5102,3.52e+01,2.56e+02,1.38e-01,9.3e+10,
iso_alanine_dipeptide_M500_s0.log,RESULT_PARTIAL,alanine_dipeptide,,,-495.38748211,,1774,,splat,,,,,,,5000,500,,,,,,,,,,,
iso_alanine_dipeptide_M500_s0.log,STEP,,,,-495.422189,,,,,,,,,,,5000,,,,,,4.09e+00,787.5476,3.91e+01,2.60e+02,1.50e-01,9.3e+10,
iso_alanine_dipeptide_M500_s0.log,STEP,,,,-495.435944,,,,,,,,,,,5500,,,,,,2.43e+00,787.5767,4.20e+01,2.69e+02,1.56e-01,1.8e+11,
iso_alanine_dipeptide_M500_s0.log,RESULT_PARTIAL,alanine_dipeptide,,,-495.41208639,,2116,,splat,,,,,,,6000,500,,,,,,,,,,,
iso_alanine_dipeptide_M500_s0.log,STEP,,,,-495.445028,,,,,,,,,,,6000,,,,,,3.03e+00,787.5911,4.41e+01,2.74e+02,1.61e-01,2.1e+11,
iso_alanine_dipeptide_M500_s0.log,STEP,,,,-495.444056,,,,,,,,,,,6500,,,,,,4.44e+00,787.5935,4.71e+01,2.80e+02,1.68e-01,4.9e+11,
iso_alanine_dipeptide_M500_s0.log,RESULT_PARTIAL,alanine_dipeptide,,,-495.42383540,,2450,,splat,,,,,,,7000,500,,,,,,,,,,,
iso_alanine_dipeptide_M500_s0.log,STEP,,,,-495.458363,,,,,,,,,,,7000,,,,,,3.18e+00,787.5408,4.81e+01,2.89e+02,1.67e-01,1.0e+12,
iso_alanine_dipeptide_M500_s0.log,STEP,,,,-495.464802,,,,,,,,,,,7500,,,,,,2.55e+00,787.5956,4.70e+01,3.08e+02,1.53e-01,1.1e+12,
iso_alanine_dipeptide_M500_s0.log,RESULT_PARTIAL,alanine_dipeptide,,,-495.44072759,,2798,,splat,,,,,,,8000,500,,,,,,,,,,,
iso_alanine_dipeptide_M500_s0.log,STEP,,,,-495.475461,,,,,,,,,,,8000,,,,,,3.12e+00,787.5850,4.42e+01,3.39e+02,1.30e-01,4.4e+11,
iso_alanine_dipeptide_M500_s0.log,STEP,,,,-495.474618,,,,,,,,,,,8500,,,,,,4.21e+00,787.5717,4.64e+01,3.68e+02,1.26e-01,6.6e+11,
iso_alanine_dipeptide_M500_s0.log,RESULT_PARTIAL,alanine_dipeptide,,,-495.45061388,,3141,,splat,,,,,,,9000,500,,,,,,,,,,,
iso_alanine_dipeptide_M500_s0.log,STEP,,,,-495.483320,,,,,,,,,,,9000,,,,,,2.47e+00,787.5877,4.28e+01,3.94e+02,1.09e-01,3.9e+11,
iso_alanine_dipeptide_M500_s0.log,STEP,,,,-495.480031,,,,,,,,,,,9500,,,,,,5.82e+00,787.5654,3.67e+01,4.22e+02,8.68e-02,2.0e+11,
iso_alanine_dipeptide_M500_s0.log,RESULT_PARTIAL,alanine_dipeptide,,,-495.45932327,,3486,,splat,,,,,,,10000,500,,,,,,,,,,,
iso_alanine_dipeptide_M500_s0.log,STEP,,,,-495.490777,,,,,,,,,,,10000,,,,,,1.88e+00,787.5920,3.34e+01,4.48e+02,7.44e-02,4.6e+11,
iso_alanine_dipeptide_M500_s0.log,STEP,,,,-495.493268,,,,,,,,,,,10500,,,,,,1.02e+00,787.6001,2.95e+01,4.68e+02,6.31e-02,4.0e+11,
iso_alanine_dipeptide_M500_s0.log,RESULT_PARTIAL,alanine_dipeptide,,,-495.46375657,,3833,,splat,,,,,,,11000,500,,,,,,,,,,,
iso_alanine_dipeptide_M500_s0.log,STEP,,,,-495.494469,,,,,,,,,,,11000,,,,,,1.28e-03,787.5991,2.46e+01,4.87e+02,5.06e-02,6.0e+11,
iso_alanine_dipeptide_M500_s0.log,STEP,,,,-495.494952,,,,,,,,,,,11500,,,,,,1.06e-03,787.6013,2.24e+01,4.99e+02,4.50e-02,1.2e+12,
iso_alanine_dipeptide_M500_s0.log,RESULT_PARTIAL,alanine_dipeptide,,,-495.46578860,,4176,,splat,,,,,,,12000,500,,,,,,,,,,,
iso_alanine_dipeptide_M500_s0.log,STEP,,,,-495.495432,,,,,,,,,,,11999,,,,,,9.03e-04,787.6033,2.12e+01,5.06e+02,4.18e-02,1.4e+12,
iso_alanine_dipeptide_M500_s0.log,RESULT_PARTIAL,alanine_dipeptide,,200,-495.46578860,,4198,,splat,,pbe,,,,,,500,12000,0,712,,,,,,,,
iso_alanine_dipeptide_M500_s0.log,RESULT,alanine_dipeptide,,200,-495.46578860,,4242,,splat,,pbe,,,,,,500,12000,0,712,-495.46572348,,,,,,,-0.06512073
iso_alanine_dipeptide_M500_s1.log,STEP,,,,2018.540065,,,,,,,,,,,0,,,,,,1.02e+03,839.8779,1.13e+00,1.58e+01,7.17e-02,4.6e+06,
iso_alanine_dipeptide_M500_s1.log,STEP,,,,-494.810739,,,,,,,,,,,500,,,,,,1.15e+01,787.9074,7.69e+00,2.24e+02,3.44e-02,8.0e+10,
iso_alanine_dipeptide_M500_s1.log,RESULT_PARTIAL,alanine_dipeptide,,,-495.05336723,,392,,splat,,,,,,,1000,500,,,,,,,,,,,
iso_alanine_dipeptide_M500_s1.log,STEP,,,,-495.097839,,,,,,,,,,,1000,,,,,,7.11e+00,787.8553,1.04e+01,2.24e+02,4.66e-02,1.3e+11,
iso_alanine_dipeptide_M500_s1.log,STEP,,,,-495.307348,,,,,,,,,,,1500,,,,,,6.77e+00,787.7691,1.50e+01,2.30e+02,6.52e-02,1.3e+12,
iso_alanine_dipeptide_M500_s1.log,RESULT_PARTIAL,alanine_dipeptide,,,-495.30873937,,739,,splat,,,,,,,2000,500,,,,,,,,,,,
iso_alanine_dipeptide_M500_s1.log,STEP,,,,-495.347536,,,,,,,,,,,2000,,,,,,4.82e+00,787.7346,1.71e+01,2.31e+02,7.40e-02,1.5e+12,
iso_alanine_dipeptide_M500_s1.log,STEP,,,,-495.318992,,,,,,,,,,,2500,,,,,,5.49e+00,787.8419,2.22e+01,2.29e+02,9.70e-02,4.9e+10,
iso_alanine_dipeptide_M500_s1.log,RESULT_PARTIAL,alanine_dipeptide,,,-495.36698524,,1087,,splat,,,,,,,3000,500,,,,,,,,,,,
iso_alanine_dipeptide_M500_s1.log,STEP,,,,-495.399454,,,,,,,,,,,3000,,,,,,4.04e+00,787.7623,2.77e+01,2.27e+02,1.22e-01,2.4e+11,
iso_alanine_dipeptide_M500_s1.log,STEP,,,,-495.416279,,,,,,,,,,,3500,,,,,,3.62e+00,787.6662,2.76e+01,2.30e+02,1.20e-01,9.6e+11,
iso_alanine_dipeptide_M500_s1.log,RESULT_PARTIAL,alanine_dipeptide,,,-495.38990965,,1433,,splat,,,,,,,4000,500,,,,,,,,,,,
iso_alanine_dipeptide_M500_s1.log,STEP,,,,-495.418572,,,,,,,,,,,4000,,,,,,3.81e+00,787.6426,3.22e+01,2.34e+02,1.38e-01,2.8e+11,
iso_alanine_dipeptide_M500_s1.log,STEP,,,,-495.432356,,,,,,,,,,,4500,,,,,,3.07e+00,787.6449,3.51e+01,2.38e+02,1.47e-01,1.3e+12,
iso_alanine_dipeptide_M500_s1.log,RESULT_PARTIAL,alanine_dipeptide,,,-495.40454415,,1778,,splat,,,,,,,5000,500,,,,,,,,,,,
iso_alanine_dipeptide_M500_s1.log,STEP,,,,-495.432385,,,,,,,,,,,5000,,,,,,3.12e+00,787.5501,4.17e+01,2.45e+02,1.70e-01,2.7e+11,
iso_alanine_dipeptide_M500_s1.log,STEP,,,,-495.441222,,,,,,,,,,,5500,,,,,,3.92e+00,787.6334,4.38e+01,2.53e+02,1.73e-01,7.4e+11,
iso_alanine_dipeptide_M500_s1.log,RESULT_PARTIAL,alanine_dipeptide,,,-495.42518525,,2123,,splat,,,,,,,6000,500,,,,,,,,,,,
iso_alanine_dipeptide_M500_s1.log,STEP,,,,-495.455045,,,,,,,,,,,6000,,,,,,2.89e+00,787.6373,4.52e+01,2.60e+02,1.73e-01,7.2e+11,
iso_alanine_dipeptide_M500_s1.log,STEP,,,,-495.463916,,,,,,,,,,,6500,,,,,,2.90e+00,787.6158,4.86e+01,2.71e+02,1.79e-01,4.8e+12,
iso_alanine_dipeptide_M500_s1.log,RESULT_PARTIAL,alanine_dipeptide,,,-495.43603702,,2470,,splat,,,,,,,7000,500,,,,,,,,,,,
iso_alanine_dipeptide_M500_s1.log,STEP,,,,-495.465237,,,,,,,,,,,7000,,,,,,2.98e+00,787.6207,5.17e+01,2.77e+02,1.87e-01,8.1e+11,
iso_alanine_dipeptide_M500_s1.log,STEP,,,,-495.472674,,,,,,,,,,,7500,,,,,,2.67e+00,787.6346,5.23e+01,2.83e+02,1.85e-01,1.5e+11,
iso_alanine_dipeptide_M500_s1.log,RESULT_PARTIAL,alanine_dipeptide,,,-495.44743209,,2816,,splat,,,,,,,8000,500,,,,,,,,,,,
iso_alanine_dipeptide_M500_s1.log,STEP,,,,-495.475845,,,,,,,,,,,8000,,,,,,2.65e+00,787.6320,5.40e+01,2.89e+02,1.87e-01,1.0e+12,
iso_alanine_dipeptide_M500_s1.log,STEP,,,,-495.479223,,,,,,,,,,,8500,,,,,,3.83e+00,787.6369,5.28e+01,2.94e+02,1.80e-01,2.3e+11,
iso_alanine_dipeptide_M500_s1.log,RESULT_PARTIAL,alanine_dipeptide,,,-495.45809180,,3163,,splat,,,,,,,9000,500,,,,,,,,,,,
iso_alanine_dipeptide_M500_s1.log,STEP,,,,-495.484313,,,,,,,,,,,9000,,,,,,2.95e+00,787.6276,5.18e+01,2.96e+02,1.75e-01,6.7e+11,
iso_alanine_dipeptide_M500_s1.log,STEP,,,,-495.488277,,,,,,,,,,,9500,,,,,,2.37e+00,787.6176,4.89e+01,2.97e+02,1.65e-01,7.1e+11,
iso_alanine_dipeptide_M500_s1.log,RESULT_PARTIAL,alanine_dipeptide,,,-495.46434324,,3505,,splat,,,,,,,10000,500,,,,,,,,,,,
iso_alanine_dipeptide_M500_s1.log,STEP,,,,-495.489913,,,,,,,,,,,10000,,,,,,1.46e+00,787.6104,4.56e+01,2.98e+02,1.53e-01,6.0e+11,
iso_alanine_dipeptide_M500_s1.log,STEP,,,,-495.491493,,,,,,,,,,,10500,,,,,,1.41e-03,787.6135,3.90e+01,2.99e+02,1.30e-01,1.0e+12,
iso_alanine_dipeptide_M500_s1.log,RESULT_PARTIAL,alanine_dipeptide,,,-495.46747241,,3852,,splat,,,,,,,11000,500,,,,,,,,,,,
iso_alanine_dipeptide_M500_s1.log,STEP,,,,-495.492322,,,,,,,,,,,11000,,,,,,8.18e-04,787.6146,3.49e+01,3.01e+02,1.16e-01,6.5e+11,
iso_alanine_dipeptide_M500_s1.log,STEP,,,,-495.492928,,,,,,,,,,,11500,,,,,,6.99e-04,787.6153,3.32e+01,3.03e+02,1.10e-01,5.2e+11,
iso_alanine_dipeptide_M500_s1.log,RESULT_PARTIAL,alanine_dipeptide,,,-495.46853641,,4203,,splat,,,,,,,12000,500,,,,,,,,,,,
iso_alanine_dipeptide_M500_s1.log,STEP,,,,-495.493367,,,,,,,,,,,11999,,,,,,6.28e-04,787.6163,3.23e+01,3.04e+02,1.06e-01,4.6e+11,
iso_alanine_dipeptide_M500_s1.log,RESULT_PARTIAL,alanine_dipeptide,,200,-495.46853641,,4225,,splat,,pbe,,,,,,500,12000,1,712,,,,,,,,
iso_alanine_dipeptide_M500_s1.log,RESULT,alanine_dipeptide,,200,-495.46853641,,4269,,splat,,pbe,,,,,,500,12000,1,712,-495.46853703,,,,,,,0.00061499
iso_alanine_dipeptide_M500_s2.log,STEP,,,,1939.054208,,,,,,,,,,,0,,,,,,1.01e+03,838.1422,1.05e+00,1.46e+01,7.19e-02,1.9e+06,
iso_alanine_dipeptide_M500_s2.log,STEP,,,,-494.886139,,,,,,,,,,,500,,,,,,5.69e+00,788.0030,8.03e+00,2.67e+02,3.01e-02,9.7e+10,
iso_alanine_dipeptide_M500_s2.log,RESULT_PARTIAL,alanine_dipeptide,,,-495.19454745,,394,,splat,,,,,,,1000,500,,,,,,,,,,,
iso_alanine_dipeptide_M500_s2.log,STEP,,,,-495.228468,,,,,,,,,,,1000,,,,,,4.79e+00,787.8291,1.01e+01,2.71e+02,3.73e-02,4.6e+12,
iso_alanine_dipeptide_M500_s2.log,STEP,,,,-495.336587,,,,,,,,,,,1500,,,,,,4.75e+00,787.7926,1.29e+01,2.67e+02,4.83e-02,3.3e+11,
iso_alanine_dipeptide_M500_s2.log,RESULT_PARTIAL,alanine_dipeptide,,,-495.34027625,,741,,splat,,,,,,,2000,500,,,,,,,,,,,
iso_alanine_dipeptide_M500_s2.log,STEP,,,,-495.370328,,,,,,,,,,,2000,,,,,,4.57e+00,787.6914,1.64e+01,2.63e+02,6.24e-02,4.7e+12,
iso_alanine_dipeptide_M500_s2.log,STEP,,,,-495.356624,,,,,,,,,,,2500,,,,,,5.25e+00,787.6694,1.91e+01,2.58e+02,7.41e-02,2.1e+12,
iso_alanine_dipeptide_M500_s2.log,RESULT_PARTIAL,alanine_dipeptide,,,-495.34368970,,1091,,splat,,,,,,,3000,500,,,,,,,,,,,
iso_alanine_dipeptide_M500_s2.log,STEP,,,,-495.372462,,,,,,,,,,,3000,,,,,,4.83e+00,787.5894,2.38e+01,2.54e+02,9.37e-02,1.0e+12,
iso_alanine_dipeptide_M500_s2.log,STEP,,,,-495.407124,,,,,,,,,,,3500,,,,,,2.74e+00,787.5826,2.81e+01,2.56e+02,1.10e-01,1.6e+12,
iso_alanine_dipeptide_M500_s2.log,RESULT_PARTIAL,alanine_dipeptide,,,-495.38072314,,1438,,splat,,,,,,,4000,500,,,,,,,,,,,
iso_alanine_dipeptide_M500_s2.log,STEP,,,,-495.408039,,,,,,,,,,,4000,,,,,,3.81e+00,787.5903,3.13e+01,2.62e+02,1.19e-01,2.8e+11,
iso_alanine_dipeptide_M500_s2.log,STEP,,,,-495.416575,,,,,,,,,,,4500,,,,,,3.17e+00,787.6142,3.28e+01,2.69e+02,1.22e-01,3.2e+11,
iso_alanine_dipeptide_M500_s2.log,RESULT_PARTIAL,alanine_dipeptide,,,-495.39070877,,1783,,splat,,,,,,,5000,500,,,,,,,,,,,
iso_alanine_dipeptide_M500_s2.log,STEP,,,,-495.415137,,,,,,,,,,,5000,,,,,,2.96e+00,787.6531,3.52e+01,2.81e+02,1.25e-01,2.6e+11,
iso_alanine_dipeptide_M500_s2.log,STEP,,,,-495.421658,,,,,,,,,,,5500,,,,,,3.38e+00,787.6178,3.99e+01,2.93e+02,1.36e-01,1.7e+11,
iso_alanine_dipeptide_M500_s2.log,RESULT_PARTIAL,alanine_dipeptide,,,-495.41383148,,2127,,splat,,,,,,,6000,500,,,,,,,,,,,
iso_alanine_dipeptide_M500_s2.log,STEP,,,,-495.437406,,,,,,,,,,,6000,,,,,,2.91e+00,787.6461,3.97e+01,3.06e+02,1.30e-01,9.7e+11,
iso_alanine_dipeptide_M500_s2.log,STEP,,,,-495.443450,,,,,,,,,,,6500,,,,,,3.92e+00,787.6138,4.04e+01,3.15e+02,1.28e-01,2.3e+11,
iso_alanine_dipeptide_M500_s2.log,RESULT_PARTIAL,alanine_dipeptide,,,-495.42899114,,2472,,splat,,,,,,,7000,500,,,,,,,,,,,
iso_alanine_dipeptide_M500_s2.log,STEP,,,,-495.452636,,,,,,,,,,,7000,,,,,,4.27e+00,787.5973,4.15e+01,3.25e+02,1.27e-01,2.7e+11,
iso_alanine_dipeptide_M500_s2.log,STEP,,,,-495.462646,,,,,,,,,,,7500,,,,,,2.63e+00,787.6116,4.82e+01,3.35e+02,1.44e-01,3.3e+11,
iso_alanine_dipeptide_M500_s2.log,RESULT_PARTIAL,alanine_dipeptide,,,-495.44545990,,2821,,splat,,,,,,,8000,500,,,,,,,,,,,
iso_alanine_dipeptide_M500_s2.log,STEP,,,,-495.469142,,,,,,,,,,,8000,,,,,,2.54e+00,787.6132,4.64e+01,3.43e+02,1.35e-01,8.1e+11,
iso_alanine_dipeptide_M500_s2.log,STEP,,,,-495.476457,,,,,,,,,,,8500,,,,,,2.72e+00,787.6118,4.42e+01,3.49e+02,1.27e-01,3.0e+12,
iso_alanine_dipeptide_M500_s2.log,RESULT_PARTIAL,alanine_dipeptide,,,-495.45362101,,3171,,splat,,,,,,,9000,500,,,,,,,,,,,
iso_alanine_dipeptide_M500_s2.log,STEP,,,,-495.479565,,,,,,,,,,,9000,,,,,,2.05e+00,787.6296,4.25e+01,3.54e+02,1.20e-01,1.8e+12,
iso_alanine_dipeptide_M500_s2.log,STEP,,,,-495.484283,,,,,,,,,,,9500,,,,,,2.05e+00,787.6260,3.94e+01,3.54e+02,1.11e-01,4.3e+12,
iso_alanine_dipeptide_M500_s2.log,RESULT_PARTIAL,alanine_dipeptide,,,-495.46068952,,3515,,splat,,,,,,,10000,500,,,,,,,,,,,
iso_alanine_dipeptide_M500_s2.log,STEP,,,,-495.487665,,,,,,,,,,,10000,,,,,,1.44e+00,787.6156,3.44e+01,3.54e+02,9.73e-02,3.9e+12,
iso_alanine_dipeptide_M500_s2.log,STEP,,,,-495.489893,,,,,,,,,,,10500,,,,,,1.26e+00,787.6095,3.19e+01,3.53e+02,9.05e-02,1.8e+12,
iso_alanine_dipeptide_M500_s2.log,RESULT_PARTIAL,alanine_dipeptide,,,-495.46445468,,3868,,splat,,,,,,,11000,500,,,,,,,,,,,
iso_alanine_dipeptide_M500_s2.log,STEP,,,,-495.492369,,,,,,,,,,,11000,,,,,,1.25e-03,787.6071,2.61e+01,3.51e+02,7.44e-02,2.0e+13,
iso_alanine_dipeptide_M500_s2.log,STEP,,,,-495.493550,,,,,,,,,,,11500,,,,,,1.01e-03,787.6054,2.33e+01,3.50e+02,6.65e-02,1.6e+13,
iso_alanine_dipeptide_M500_s2.log,RESULT_PARTIAL,alanine_dipeptide,,,-495.46588249,,4221,,splat,,,,,,,12000,500,,,,,,,,,,,
iso_alanine_dipeptide_M500_s2.log,STEP,,,,-495.494132,,,,,,,,,,,11999,,,,,,8.41e-04,787.6057,2.17e+01,3.48e+02,6.24e-02,1.4e+13,
iso_alanine_dipeptide_M500_s2.log,RESULT_PARTIAL,alanine_dipeptide,,200,-495.46588249,,4244,,splat,,pbe,,,,,,500,12000,2,713,,,,,,,,
iso_alanine_dipeptide_M500_s2.log,RESULT,alanine_dipeptide,,200,-495.46588249,,4288,,splat,,pbe,,,,,,500,12000,2,713,-495.46554396,,,,,,,-0.33852790
iso_ethanol_M576_s0.log,STEP,,,,639.638290,,,,,,,,,,,0,,,,,,7.62e+02,171.4055,1.88e+00,1.48e+01,1.27e-01,1.0e+09,
iso_ethanol_M576_s0.log,STEP,,,,-154.721232,,,,,,,,,,,500,,,,,,2.85e+00,156.9854,2.50e+01,2.97e+02,8.41e-02,6.0e+11,
iso_ethanol_M576_s0.log,RESULT_PARTIAL,ethanol,,,-154.84859734,,593,,splat,,,,,,,1000,576,,,,,,,,,,,
iso_ethanol_M576_s0.log,STEP,,,,-154.849235,,,,,,,,,,,1000,,,,,,6.48e+00,156.8561,4.15e+01,3.39e+02,1.22e-01,1.2e+12,
iso_ethanol_M576_s0.log,STEP,,,,-154.892208,,,,,,,,,,,1500,,,,,,2.88e+00,156.8153,5.49e+01,3.77e+02,1.46e-01,3.2e+13,
iso_ethanol_M576_s0.log,RESULT_PARTIAL,ethanol,,,-154.89391040,,1136,,splat,,,,,,,2000,576,,,,,,,,,,,
iso_ethanol_M576_s0.log,STEP,,,,-154.894523,,,,,,,,,,,2000,,,,,,3.59e+00,156.8127,7.23e+01,4.01e+02,1.80e-01,2.6e+11,
iso_ethanol_M576_s0.log,STEP,,,,-154.899194,,,,,,,,,,,2500,,,,,,3.23e+00,156.8028,1.26e+02,4.09e+02,3.07e-01,8.8e+11,
iso_ethanol_M576_s0.log,RESULT_PARTIAL,ethanol,,,-154.89981065,,1681,,splat,,,,,,,3000,576,,,,,,,,,,,
iso_ethanol_M576_s0.log,STEP,,,,-154.900300,,,,,,,,,,,3000,,,,,,3.13e+00,156.7978,1.11e+02,4.62e+02,2.40e-01,8.2e+11,
iso_ethanol_M576_s0.log,STEP,,,,-154.904111,,,,,,,,,,,3500,,,,,,2.11e+00,156.8135,1.43e+02,4.74e+02,3.01e-01,5.4e+11,
iso_ethanol_M576_s0.log,RESULT_PARTIAL,ethanol,,,-154.90557139,,2220,,splat,,,,,,,4000,576,,,,,,,,,,,
iso_ethanol_M576_s0.log,STEP,,,,-154.906139,,,,,,,,,,,4000,,,,,,2.46e+00,156.8150,1.61e+02,5.76e+02,2.80e-01,4.1e+11,
iso_ethanol_M576_s0.log,STEP,,,,-154.914750,,,,,,,,,,,4500,,,,,,1.99e+00,156.7955,1.86e+02,5.87e+02,3.16e-01,1.0e+12,
iso_ethanol_M576_s0.log,RESULT_PARTIAL,ethanol,,,-154.91750894,,2763,,splat,,,,,,,5000,576,,,,,,,,,,,
iso_ethanol_M576_s0.log,STEP,,,,-154.918067,,,,,,,,,,,5000,,,,,,1.80e+00,156.7980,2.15e+02,5.92e+02,3.64e-01,4.2e+11,
iso_ethanol_M576_s0.log,STEP,,,,-154.916573,,,,,,,,,,,5500,,,,,,1.09e+00,156.8058,2.31e+02,6.08e+02,3.81e-01,2.0e+11,
iso_ethanol_M576_s0.log,RESULT_PARTIAL,ethanol,,,-154.91683886,,3309,,splat,,,,,,,6000,576,,,,,,,,,,,
iso_ethanol_M576_s0.log,STEP,,,,-154.917345,,,,,,,,,,,6000,,,,,,1.75e+00,156.8325,2.37e+02,7.39e+02,3.21e-01,1.1e+11,
iso_ethanol_M576_s0.log,STEP,,,,-154.921237,,,,,,,,,,,6500,,,,,,7.95e-01,156.8025,2.57e+02,7.65e+02,3.36e-01,2.6e+12,
iso_ethanol_M576_s0.log,RESULT_PARTIAL,ethanol,,,-154.92169439,,3854,,splat,,,,,,,7000,576,,,,,,,,,,,
iso_ethanol_M576_s0.log,STEP,,,,-154.922113,,,,,,,,,,,7000,,,,,,4.04e-01,156.8031,2.57e+02,7.78e+02,3.30e-01,9.0e+11,
iso_ethanol_M576_s0.log,STEP,,,,-154.922721,,,,,,,,,,,7500,,,,,,6.33e-01,156.8018,2.52e+02,7.91e+02,3.18e-01,1.4e+12,
iso_ethanol_M576_s0.log,RESULT_PARTIAL,ethanol,,,-154.92312254,,4402,,splat,,,,,,,8000,576,,,,,,,,,,,
iso_ethanol_M576_s0.log,STEP,,,,-154.923493,,,,,,,,,,,8000,,,,,,1.33e-01,156.8020,2.42e+02,8.04e+02,3.01e-01,2.3e+12,
iso_ethanol_M576_s0.log,STEP,,,,-154.923789,,,,,,,,,,,8500,,,,,,2.90e-01,156.8024,2.33e+02,8.16e+02,2.85e-01,2.1e+12,
iso_ethanol_M576_s0.log,RESULT_PARTIAL,ethanol,,,-154.92369982,,4954,,splat,,,,,,,9000,576,,,,,,,,,,,
iso_ethanol_M576_s0.log,STEP,,,,-154.924044,,,,,,,,,,,9000,,,,,,1.78e-01,156.8025,2.22e+02,8.29e+02,2.68e-01,1.4e+12,
iso_ethanol_M576_s0.log,STEP,,,,-154.924474,,,,,,,,,,,9500,,,,,,1.42e-02,156.8035,2.12e+02,8.40e+02,2.53e-01,1.5e+12,
iso_ethanol_M576_s0.log,RESULT_PARTIAL,ethanol,,,-154.92435343,,5511,,splat,,,,,,,10000,576,,,,,,,,,,,
iso_ethanol_M576_s0.log,STEP,,,,-154.924684,,,,,,,,,,,10000,,,,,,9.82e-04,156.8040,2.04e+02,8.48e+02,2.41e-01,3.7e+12,
iso_ethanol_M576_s0.log,STEP,,,,-154.924791,,,,,,,,,,,10500,,,,,,5.40e-04,156.8042,1.99e+02,8.54e+02,2.33e-01,3.8e+12,
iso_ethanol_M576_s0.log,RESULT_PARTIAL,ethanol,,,-154.92456142,,6071,,splat,,,,,,,11000,576,,,,,,,,,,,
iso_ethanol_M576_s0.log,STEP,,,,-154.924887,,,,,,,,,,,11000,,,,,,5.25e-04,156.8043,1.95e+02,8.58e+02,2.27e-01,3.9e+12,
iso_ethanol_M576_s0.log,STEP,,,,-154.924942,,,,,,,,,,,11500,,,,,,5.18e-04,156.8044,1.93e+02,8.60e+02,2.24e-01,5.0e+12,
iso_ethanol_M576_s0.log,RESULT_PARTIAL,ethanol,,,-154.92465470,,6635,,splat,,,,,,,12000,576,,,,,,,,,,,
iso_ethanol_M576_s0.log,STEP,,,,-154.924978,,,,,,,,,,,11999,,,,,,5.14e-04,156.8045,1.91e+02,8.62e+02,2.21e-01,6.0e+12,
iso_ethanol_M576_s0.log,RESULT_PARTIAL,ethanol,,72,-154.92465470,,6667,,splat,,pbe,,,,,,576,12000,0,866,,,,,,,,
iso_ethanol_M576_s0.log,RESULT,ethanol,,72,-154.92465470,,6722,,splat,,pbe,,,,,,576,12000,0,866,-154.92213123,,,,,,,-2.52347891
iso_ethanol_M576_s1.log,STEP,,,,538.850956,,,,,,,,,,,0,,,,,,7.15e+02,163.0663,1.98e+00,1.54e+01,1.29e-01,4.2e+08,
iso_ethanol_M576_s1.log,STEP,,,,-154.744639,,,,,,,,,,,500,,,,,,9.04e+00,157.0069,2.76e+01,3.33e+02,8.30e-02,5.2e+10,
iso_ethanol_M576_s1.log,RESULT_PARTIAL,ethanol,,,-154.86348371,,593,,splat,,,,,,,1000,576,,,,,,,,,,,
iso_ethanol_M576_s1.log,STEP,,,,-154.864236,,,,,,,,,,,1000,,,,,,4.86e+00,156.8453,3.51e+01,3.53e+02,9.95e-02,1.7e+12,
iso_ethanol_M576_s1.log,STEP,,,,-154.879332,,,,,,,,,,,1500,,,,,,3.70e+00,156.8285,5.59e+01,3.52e+02,1.59e-01,1.2e+11,
iso_ethanol_M576_s1.log,RESULT_PARTIAL,ethanol,,,-154.89775817,,1142,,splat,,,,,,,2000,576,,,,,,,,,,,
iso_ethanol_M576_s1.log,STEP,,,,-154.898295,,,,,,,,,,,2000,,,,,,1.74e+00,156.8070,7.06e+01,3.70e+02,1.91e-01,1.1e+12,
iso_ethanol_M576_s1.log,STEP,,,,-154.859594,,,,,,,,,,,2500,,,,,,4.82e+00,156.7986,7.85e+01,3.97e+02,1.98e-01,6.2e+10,
iso_ethanol_M576_s1.log,RESULT_PARTIAL,ethanol,,,-154.88746033,,1693,,splat,,,,,,,3000,576,,,,,,,,,,,
iso_ethanol_M576_s1.log,STEP,,,,-154.887990,,,,,,,,,,,3000,,,,,,2.12e+00,156.8192,1.08e+02,4.06e+02,2.65e-01,1.4e+11,
iso_ethanol_M576_s1.log,STEP,,,,-154.910372,,,,,,,,,,,3500,,,,,,2.47e+00,156.8045,1.18e+02,4.37e+02,2.69e-01,1.8e+12,
iso_ethanol_M576_s1.log,RESULT_PARTIAL,ethanol,,,-154.91264500,,2244,,splat,,,,,,,4000,576,,,,,,,,,,,
iso_ethanol_M576_s1.log,STEP,,,,-154.913135,,,,,,,,,,,4000,,,,,,1.70e+00,156.8036,1.44e+02,5.61e+02,2.56e-01,4.4e+12,
iso_ethanol_M576_s1.log,STEP,,,,-154.914838,,,,,,,,,,,4500,,,,,,2.11e+00,156.7960,1.77e+02,5.92e+02,3.00e-01,8.0e+11,
iso_ethanol_M576_s1.log,RESULT_PARTIAL,ethanol,,,-154.91219901,,2794,,splat,,,,,,,5000,576,,,,,,,,,,,
iso_ethanol_M576_s1.log,STEP,,,,-154.912640,,,,,,,,,,,5000,,,,,,1.84e+00,156.7751,1.95e+02,6.40e+02,3.04e-01,2.9e+12,
iso_ethanol_M576_s1.log,STEP,,,,-154.920081,,,,,,,,,,,5500,,,,,,7.17e-01,156.8012,2.11e+02,6.70e+02,3.15e-01,5.7e+11,
iso_ethanol_M576_s1.log,RESULT_PARTIAL,ethanol,,,-154.91979556,,3346,,splat,,,,,,,6000,576,,,,,,,,,,,
iso_ethanol_M576_s1.log,STEP,,,,-154.920208,,,,,,,,,,,6000,,,,,,7.94e-01,156.7989,2.39e+02,7.09e+02,3.37e-01,1.4e+11,
iso_ethanol_M576_s1.log,STEP,,,,-154.921105,,,,,,,,,,,6500,,,,,,5.19e-01,156.8022,2.47e+02,7.21e+02,3.43e-01,6.5e+11,
iso_ethanol_M576_s1.log,RESULT_PARTIAL,ethanol,,,-154.92116931,,3902,,splat,,,,,,,7000,576,,,,,,,,,,,
iso_ethanol_M576_s1.log,STEP,,,,-154.921503,,,,,,,,,,,7000,,,,,,2.53e-01,156.8012,2.39e+02,7.33e+02,3.26e-01,1.1e+12,
iso_ethanol_M576_s1.log,STEP,,,,-154.921615,,,,,,,,,,,7500,,,,,,3.11e-01,156.7993,2.33e+02,7.47e+02,3.12e-01,1.1e+12,
iso_ethanol_M576_s1.log,RESULT_PARTIAL,ethanol,,,-154.92174979,,4461,,splat,,,,,,,8000,576,,,,,,,,,,,
iso_ethanol_M576_s1.log,STEP,,,,-154.922019,,,,,,,,,,,8000,,,,,,6.73e-02,156.8010,2.27e+02,7.61e+02,2.99e-01,1.2e+12,
iso_ethanol_M576_s1.log,STEP,,,,-154.922269,,,,,,,,,,,8500,,,,,,1.73e-01,156.8017,2.20e+02,7.72e+02,2.86e-01,1.6e+12,
iso_ethanol_M576_s1.log,RESULT_PARTIAL,ethanol,,,-154.92239093,,5022,,splat,,,,,,,9000,576,,,,,,,,,,,
iso_ethanol_M576_s1.log,STEP,,,,-154.922620,,,,,,,,,,,9000,,,,,,7.17e-02,156.8022,2.13e+02,7.81e+02,2.73e-01,1.3e+12,
iso_ethanol_M576_s1.log,STEP,,,,-154.922805,,,,,,,,,,,9500,,,,,,2.93e-03,156.8022,2.06e+02,7.90e+02,2.61e-01,3.6e+12,
iso_ethanol_M576_s1.log,RESULT_PARTIAL,ethanol,,,-154.92270170,,5586,,splat,,,,,,,10000,576,,,,,,,,,,,
iso_ethanol_M576_s1.log,STEP,,,,-154.922909,,,,,,,,,,,10000,,,,,,2.63e-03,156.8024,2.01e+02,7.96e+02,2.52e-01,2.5e+12,
iso_ethanol_M576_s1.log,STEP,,,,-154.923069,,,,,,,,,,,10500,,,,,,2.00e-03,156.8027,1.96e+02,8.02e+02,2.45e-01,2.9e+12,
iso_ethanol_M576_s1.log,RESULT_PARTIAL,ethanol,,,-154.92298209,,6145,,splat,,,,,,,11000,576,,,,,,,,,,,
iso_ethanol_M576_s1.log,STEP,,,,-154.923181,,,,,,,,,,,11000,,,,,,3.07e-04,156.8029,1.93e+02,8.05e+02,2.40e-01,4.3e+12,
iso_ethanol_M576_s1.log,STEP,,,,-154.923228,,,,,,,,,,,11500,,,,,,1.25e-04,156.8030,1.91e+02,8.07e+02,2.37e-01,5.6e+12,
iso_ethanol_M576_s1.log,RESULT_PARTIAL,ethanol,,,-154.92305864,,6707,,splat,,,,,,,12000,576,,,,,,,,,,,
iso_ethanol_M576_s1.log,STEP,,,,-154.923255,,,,,,,,,,,11999,,,,,,1.44e-04,156.8031,1.90e+02,8.09e+02,2.35e-01,6.4e+12,
iso_ethanol_M576_s1.log,RESULT_PARTIAL,ethanol,,72,-154.92305864,,6738,,splat,,pbe,,,,,,576,12000,1,866,,,,,,,,
iso_ethanol_M576_s1.log,RESULT,ethanol,,72,-154.92305864,,6791,,splat,,pbe,,,,,,576,12000,1,866,-154.92052623,,,,,,,-2.53241198
iso_ethanol_M576_s2.log,STEP,,,,707.802830,,,,,,,,,,,0,,,,,,8.73e+02,168.6148,1.40e+00,1.84e+01,7.61e-02,6.8e+08,
iso_ethanol_M576_s2.log,STEP,,,,-154.499873,,,,,,,,,,,500,,,,,,1.27e+01,157.2391,2.71e+01,2.74e+02,9.86e-02,5.6e+10,
iso_ethanol_M576_s2.log,RESULT_PARTIAL,ethanol,,,-154.78385967,,593,,splat,,,,,,,1000,576,,,,,,,,,,,
iso_ethanol_M576_s2.log,STEP,,,,-154.784731,,,,,,,,,,,1000,,,,,,1.16e+01,156.8877,3.83e+01,2.96e+02,1.30e-01,1.8e+11,
iso_ethanol_M576_s2.log,STEP,,,,-154.849996,,,,,,,,,,,1500,,,,,,2.63e+00,156.8868,5.66e+01,3.12e+02,1.81e-01,1.5e+11,
iso_ethanol_M576_s2.log,RESULT_PARTIAL,ethanol,,,-154.89706506,,1140,,splat,,,,,,,2000,576,,,,,,,,,,,
iso_ethanol_M576_s2.log,STEP,,,,-154.897678,,,,,,,,,,,2000,,,,,,2.64e+00,156.7993,5.97e+01,3.50e+02,1.71e-01,3.1e+11,
iso_ethanol_M576_s2.log,STEP,,,,-154.866406,,,,,,,,,,,2500,,,,,,4.18e+00,156.8633,8.49e+01,3.66e+02,2.32e-01,1.2e+11,
iso_ethanol_M576_s2.log,RESULT_PARTIAL,ethanol,,,-154.90442906,,1689,,splat,,,,,,,3000,576,,,,,,,,,,,
iso_ethanol_M576_s2.log,STEP,,,,-154.904863,,,,,,,,,,,3000,,,,,,2.79e+00,156.7954,9.21e+01,3.91e+02,2.36e-01,2.3e+11,
iso_ethanol_M576_s2.log,STEP,,,,-154.910635,,,,,,,,,,,3500,,,,,,1.66e+00,156.7998,1.11e+02,4.48e+02,2.47e-01,8.5e+11,
iso_ethanol_M576_s2.log,RESULT_PARTIAL,ethanol,,,-154.91314484,,2238,,splat,,,,,,,4000,576,,,,,,,,,,,
iso_ethanol_M576_s2.log,STEP,,,,-154.913536,,,,,,,,,,,4000,,,,,,1.24e+00,156.7997,1.47e+02,4.90e+02,2.99e-01,8.4e+10,
iso_ethanol_M576_s2.log,STEP,,,,-154.915340,,,,,,,,,,,4500,,,,,,2.25e+00,156.7998,1.49e+02,5.79e+02,2.58e-01,2.0e+11,
iso_ethanol_M576_s2.log,RESULT_PARTIAL,ethanol,,,-154.91589201,,2783,,splat,,,,,,,5000,576,,,,,,,,,,,
iso_ethanol_M576_s2.log,STEP,,,,-154.916360,,,,,,,,,,,5000,,,,,,2.16e+00,156.8002,1.97e+02,5.87e+02,3.36e-01,2.1e+11,
iso_ethanol_M576_s2.log,STEP,,,,-154.914251,,,,,,,,,,,5500,,,,,,1.29e+00,156.7743,2.12e+02,6.21e+02,3.42e-01,8.8e+10,
iso_ethanol_M576_s2.log,RESULT_PARTIAL,ethanol,,,-154.91989930,,3332,,splat,,,,,,,6000,576,,,,,,,,,,,
iso_ethanol_M576_s2.log,STEP,,,,-154.920286,,,,,,,,,,,6000,,,,,,8.48e-01,156.7999,2.34e+02,7.32e+02,3.19e-01,6.7e+11,
iso_ethanol_M576_s2.log,STEP,,,,-154.920798,,,,,,,,,,,6500,,,,,,8.97e-01,156.7991,2.34e+02,7.49e+02,3.12e-01,6.7e+11,
iso_ethanol_M576_s2.log,RESULT_PARTIAL,ethanol,,,-154.92115863,,3886,,splat,,,,,,,7000,576,,,,,,,,,,,
iso_ethanol_M576_s2.log,STEP,,,,-154.921535,,,,,,,,,,,7000,,,,,,6.02e-01,156.8027,2.30e+02,7.64e+02,3.01e-01,8.6e+11,
iso_ethanol_M576_s2.log,STEP,,,,-154.921757,,,,,,,,,,,7500,,,,,,6.48e-01,156.8031,2.26e+02,7.78e+02,2.90e-01,5.3e+11,
iso_ethanol_M576_s2.log,RESULT_PARTIAL,ethanol,,,-154.92181815,,4445,,splat,,,,,,,8000,576,,,,,,,,,,,
iso_ethanol_M576_s2.log,STEP,,,,-154.922193,,,,,,,,,,,8000,,,,,,9.80e-02,156.8014,2.19e+02,7.91e+02,2.77e-01,1.4e+12,
iso_ethanol_M576_s2.log,STEP,,,,-154.922285,,,,,,,,,,,8500,,,,,,2.26e-01,156.8013,2.13e+02,8.02e+02,2.66e-01,8.3e+11,
iso_ethanol_M576_s2.log,RESULT_PARTIAL,ethanol,,,-154.92221278,,5005,,splat,,,,,,,9000,576,,,,,,,,,,,
iso_ethanol_M576_s2.log,STEP,,,,-154.922568,,,,,,,,,,,9000,,,,,,6.82e-02,156.8016,2.05e+02,8.11e+02,2.52e-01,1.5e+12,
iso_ethanol_M576_s2.log,STEP,,,,-154.922662,,,,,,,,,,,9500,,,,,,1.72e-02,156.8017,1.96e+02,8.20e+02,2.39e-01,2.9e+12,
iso_ethanol_M576_s2.log,RESULT_PARTIAL,ethanol,,,-154.92240736,,5567,,splat,,,,,,,10000,576,,,,,,,,,,,
iso_ethanol_M576_s2.log,STEP,,,,-154.922743,,,,,,,,,,,10000,,,,,,5.56e-04,156.8018,1.90e+02,8.29e+02,2.29e-01,4.6e+12,
iso_ethanol_M576_s2.log,STEP,,,,-154.922810,,,,,,,,,,,10500,,,,,,1.16e-04,156.8019,1.85e+02,8.35e+02,2.22e-01,4.6e+12,
iso_ethanol_M576_s2.log,RESULT_PARTIAL,ethanol,,,-154.92252729,,6121,,splat,,,,,,,11000,576,,,,,,,,,,,
iso_ethanol_M576_s2.log,STEP,,,,-154.922850,,,,,,,,,,,11000,,,,,,1.25e-04,156.8018,1.82e+02,8.40e+02,2.16e-01,4.4e+12,
iso_ethanol_M576_s2.log,STEP,,,,-154.922895,,,,,,,,,,,11500,,,,,,1.47e-04,156.8018,1.80e+02,8.43e+02,2.13e-01,5.0e+12,
iso_ethanol_M576_s2.log,RESULT_PARTIAL,ethanol,,,-154.92260787,,6671,,splat,,,,,,,12000,576,,,,,,,,,,,
iso_ethanol_M576_s2.log,STEP,,,,-154.922924,,,,,,,,,,,11999,,,,,,1.56e-04,156.8017,1.78e+02,8.45e+02,2.11e-01,5.3e+12,
iso_ethanol_M576_s2.log,RESULT_PARTIAL,ethanol,,72,-154.92260787,,6702,,splat,,pbe,,,,,,576,12000,2,866,,,,,,,,
iso_ethanol_M576_s2.log,RESULT,ethanol,,72,-154.92260787,,6755,,splat,,pbe,,,,,,576,12000,2,866,-154.92134069,,,,,,,-1.26717405
iso_alanine_dipeptide_M1000_s0.log,STEP,,,,1921.809827,,,,,,,,,,,0,,,,,,9.19e+02,838.3189,2.21e+00,3.18e+01,6.93e-02,1.3e+08,
iso_alanine_dipeptide_M1000_s0.log,STEP,,,,-494.605009,,,,,,,,,,,500,,,,,,1.89e+01,788.2253,2.23e+01,4.94e+02,4.51e-02,3.7e+12,
iso_alanine_dipeptide_M1000_s0.log,RESULT_PARTIAL,alanine_dipeptide,,,-494.83629115,,1510,,splat,,,,,,,1000,1000,,,,,,,,,,,
iso_alanine_dipeptide_M1000_s0.log,STEP,,,,-494.844547,,,,,,,,,,,1000,,,,,,1.88e+01,787.8410,3.68e+01,5.26e+02,7.00e-02,1.7e+13,
iso_alanine_dipeptide_M1000_s0.log,STEP,,,,-495.213224,,,,,,,,,,,1500,,,,,,7.02e+00,787.7192,5.26e+01,5.76e+02,9.14e-02,3.9e+13,
iso_alanine_dipeptide_M1000_s0.log,RESULT_PARTIAL,alanine_dipeptide,,,-495.25022178,,2970,,splat,,,,,,,2000,1000,,,,,,,,,,,
iso_alanine_dipeptide_M1000_s0.log,STEP,,,,-495.257668,,,,,,,,,,,2000,,,,,,6.70e+00,787.7396,8.27e+01,6.25e+02,1.32e-01,3.9e+13,
iso_alanine_dipeptide_M1000_s0.log,STEP,,,,-495.210005,,,,,,,,,,,2500,,,,,,1.10e+01,787.7552,1.05e+02,6.77e+02,1.54e-01,7.0e+12,
iso_alanine_dipeptide_M1000_s0.log,RESULT_PARTIAL,alanine_dipeptide,,,-495.42608730,,4431,,splat,,,,,,,3000,1000,,,,,,,,,,,
iso_alanine_dipeptide_M1000_s0.log,STEP,,,,-495.433064,,,,,,,,,,,3000,,,,,,4.90e+00,787.6252,1.28e+02,6.99e+02,1.83e-01,1.3e+13,
iso_alanine_dipeptide_M1000_s0.log,STEP,,,,-495.451853,,,,,,,,,,,3500,,,,,,1.92e+00,787.6034,1.46e+02,7.24e+02,2.01e-01,1.3e+14,
iso_alanine_dipeptide_M1000_s0.log,RESULT_PARTIAL,alanine_dipeptide,,,-495.44632453,,5893,,splat,,,,,,,4000,1000,,,,,,,,,,,
iso_alanine_dipeptide_M1000_s0.log,STEP,,,,-495.452600,,,,,,,,,,,4000,,,,,,2.98e+00,787.6114,1.82e+02,7.60e+02,2.39e-01,8.5e+12,
iso_alanine_dipeptide_M1000_s0.log,STEP,,,,-495.458217,,,,,,,,,,,4500,,,,,,2.00e+00,787.4698,2.13e+02,8.02e+02,2.66e-01,3.2e+12,
iso_alanine_dipeptide_M1000_s0.log,RESULT_PARTIAL,alanine_dipeptide,,,-495.45779879,,7360,,splat,,,,,,,5000,1000,,,,,,,,,,,
iso_alanine_dipeptide_M1000_s0.log,STEP,,,,-495.463915,,,,,,,,,,,5000,,,,,,2.77e+00,787.5652,2.61e+02,8.44e+02,3.10e-01,3.9e+12,
iso_alanine_dipeptide_M1000_s0.log,STEP,,,,-495.486456,,,,,,,,,,,5500,,,,,,2.38e+00,787.5873,2.85e+02,8.99e+02,3.17e-01,7.6e+12,
iso_alanine_dipeptide_M1000_s0.log,RESULT_PARTIAL,alanine_dipeptide,,,-495.48454748,,8823,,splat,,,,,,,6000,1000,,,,,,,,,,,
iso_alanine_dipeptide_M1000_s0.log,STEP,,,,-495.489602,,,,,,,,,,,6000,,,,,,1.86e+00,787.5856,3.02e+02,9.68e+02,3.12e-01,1.1e+12,
iso_alanine_dipeptide_M1000_s0.log,STEP,,,,-495.493025,,,,,,,,,,,6500,,,,,,1.60e+00,787.6176,3.11e+02,1.06e+03,2.95e-01,1.5e+12,
iso_alanine_dipeptide_M1000_s0.log,RESULT_PARTIAL,alanine_dipeptide,,,-495.48439332,,10293,,splat,,,,,,,7000,1000,,,,,,,,,,,
iso_alanine_dipeptide_M1000_s0.log,STEP,,,,-495.488793,,,,,,,,,,,7000,,,,,,1.90e+00,787.6275,3.19e+02,1.10e+03,2.90e-01,3.8e+12,
iso_alanine_dipeptide_M1000_s0.log,STEP,,,,-495.495158,,,,,,,,,,,7500,,,,,,1.46e+00,787.5943,3.28e+02,1.14e+03,2.86e-01,3.0e+12,
iso_alanine_dipeptide_M1000_s0.log,RESULT_PARTIAL,alanine_dipeptide,,,-495.49364540,,11764,,splat,,,,,,,8000,1000,,,,,,,,,,,
iso_alanine_dipeptide_M1000_s0.log,STEP,,,,-495.497758,,,,,,,,,,,8000,,,,,,1.03e+00,787.5855,3.34e+02,1.17e+03,2.85e-01,4.0e+12,
iso_alanine_dipeptide_M1000_s0.log,STEP,,,,-495.499209,,,,,,,,,,,8500,,,,,,2.51e-01,787.5843,3.00e+02,1.18e+03,2.53e-01,6.9e+12,
iso_alanine_dipeptide_M1000_s0.log,RESULT_PARTIAL,alanine_dipeptide,,,-495.49556966,,13245,,splat,,,,,,,9000,1000,,,,,,,,,,,
iso_alanine_dipeptide_M1000_s0.log,STEP,,,,-495.499482,,,,,,,,,,,9000,,,,,,4.22e-01,787.5831,2.74e+02,1.19e+03,2.29e-01,2.1e+13,
iso_alanine_dipeptide_M1000_s0.log,STEP,,,,-495.500030,,,,,,,,,,,9500,,,,,,1.85e-01,787.5825,2.51e+02,1.20e+03,2.09e-01,1.9e+13,
iso_alanine_dipeptide_M1000_s0.log,RESULT_PARTIAL,alanine_dipeptide,,,-495.49664381,,14730,,splat,,,,,,,10000,1000,,,,,,,,,,,
iso_alanine_dipeptide_M1000_s0.log,STEP,,,,-495.500430,,,,,,,,,,,10000,,,,,,2.13e-03,787.5816,2.33e+02,1.21e+03,1.93e-01,9.7e+12,
iso_alanine_dipeptide_M1000_s0.log,STEP,,,,-495.500672,,,,,,,,,,,10500,,,,,,3.17e-04,787.5811,2.20e+02,1.21e+03,1.82e-01,1.1e+13,
iso_alanine_dipeptide_M1000_s0.log,RESULT_PARTIAL,alanine_dipeptide,,,-495.49711258,,16215,,splat,,,,,,,11000,1000,,,,,,,,,,,
iso_alanine_dipeptide_M1000_s0.log,STEP,,,,-495.500819,,,,,,,,,,,11000,,,,,,2.84e-04,787.5809,2.12e+02,1.21e+03,1.75e-01,1.2e+13,
iso_alanine_dipeptide_M1000_s0.log,STEP,,,,-495.500904,,,,,,,,,,,11500,,,,,,2.63e-04,787.5807,2.07e+02,1.21e+03,1.70e-01,2.0e+13,
iso_alanine_dipeptide_M1000_s0.log,RESULT_PARTIAL,alanine_dipeptide,,,-495.49728891,,17704,,splat,,,,,,,12000,1000,,,,,,,,,,,
iso_alanine_dipeptide_M1000_s0.log,STEP,,,,-495.500959,,,,,,,,,,,11999,,,,,,2.48e-04,787.5806,2.03e+02,1.21e+03,1.67e-01,1.3e+13,
iso_alanine_dipeptide_M1000_s0.log,RESULT_PARTIAL,alanine_dipeptide,,200,-495.49728891,,18082,,splat,,pbe,,,,,,1000,12000,0,1717,,,,,,,,
iso_alanine_dipeptide_M1000_s0.log,RESULT,alanine_dipeptide,,200,-495.49728891,,18486,,splat,,pbe,,,,,,1000,12000,0,1717,-495.49635855,,,,,,,-0.93035522
iso_alanine_dipeptide_M1000_s1.log,STEP,,,,1905.464326,,,,,,,,,,,0,,,,,,9.14e+02,833.9794,2.31e+00,3.24e+01,7.12e-02,1.4e+08,
iso_alanine_dipeptide_M1000_s1.log,STEP,,,,-494.408284,,,,,,,,,,,500,,,,,,9.15e+00,788.1777,2.68e+01,6.25e+02,4.28e-02,4.0e+13,
iso_alanine_dipeptide_M1000_s1.log,RESULT_PARTIAL,alanine_dipeptide,,,-494.95856995,,1514,,splat,,,,,,,1000,1000,,,,,,,,,,,
iso_alanine_dipeptide_M1000_s1.log,STEP,,,,-494.966363,,,,,,,,,,,1000,,,,,,1.38e+01,787.8511,3.18e+01,6.62e+02,4.80e-02,6.3e+14,
iso_alanine_dipeptide_M1000_s1.log,STEP,,,,-495.345544,,,,,,,,,,,1500,,,,,,6.83e+00,787.7048,5.50e+01,6.89e+02,7.98e-02,3.5e+14,
iso_alanine_dipeptide_M1000_s1.log,RESULT_PARTIAL,alanine_dipeptide,,,-495.36477124,,2989,,splat,,,,,,,2000,1000,,,,,,,,,,,
iso_alanine_dipeptide_M1000_s1.log,STEP,,,,-495.372156,,,,,,,,,,,2000,,,,,,5.14e+00,787.6733,7.88e+01,7.32e+02,1.08e-01,3.1e+14,
iso_alanine_dipeptide_M1000_s1.log,STEP,,,,-495.392755,,,,,,,,,,,2500,,,,,,3.32e+00,787.6430,9.54e+01,7.57e+02,1.26e-01,1.5e+14,
iso_alanine_dipeptide_M1000_s1.log,RESULT_PARTIAL,alanine_dipeptide,,,-495.39620168,,4464,,splat,,,,,,,3000,1000,,,,,,,,,,,
iso_alanine_dipeptide_M1000_s1.log,STEP,,,,-495.402908,,,,,,,,,,,3000,,,,,,4.26e+00,787.6461,1.16e+02,7.79e+02,1.49e-01,2.9e+14,
iso_alanine_dipeptide_M1000_s1.log,STEP,,,,-495.430175,,,,,,,,,,,3500,,,,,,3.69e+00,787.5882,1.59e+02,7.94e+02,2.01e-01,3.4e+13,
iso_alanine_dipeptide_M1000_s1.log,RESULT_PARTIAL,alanine_dipeptide,,,-495.45376282,,5944,,splat,,,,,,,4000,1000,,,,,,,,,,,
iso_alanine_dipeptide_M1000_s1.log,STEP,,,,-495.459899,,,,,,,,,,,4000,,,,,,1.85e+00,787.6042,1.85e+02,8.20e+02,2.25e-01,1.1e+14,
iso_alanine_dipeptide_M1000_s1.log,STEP,,,,-495.470300,,,,,,,,,,,4500,,,,,,1.86e+00,787.6011,2.22e+02,8.42e+02,2.64e-01,1.1e+14,
iso_alanine_dipeptide_M1000_s1.log,RESULT_PARTIAL,alanine_dipeptide,,,-495.47433153,,7421,,splat,,,,,,,5000,1000,,,,,,,,,,,
iso_alanine_dipeptide_M1000_s1.log,STEP,,,,-495.479962,,,,,,,,,,,5000,,,,,,2.55e+00,787.5870,2.49e+02,8.87e+02,2.81e-01,5.2e+13,
iso_alanine_dipeptide_M1000_s1.log,STEP,,,,-495.452746,,,,,,,,,,,5500,,,,,,3.69e+00,787.6044,2.56e+02,9.11e+02,2.81e-01,1.1e+14,
iso_alanine_dipeptide_M1000_s1.log,RESULT_PARTIAL,alanine_dipeptide,,,-495.48681980,,8903,,splat,,,,,,,6000,1000,,,,,,,,,,,
iso_alanine_dipeptide_M1000_s1.log,STEP,,,,-495.492310,,,,,,,,,,,6000,,,,,,1.59e+00,787.5907,2.93e+02,9.52e+02,3.08e-01,4.8e+13,
iso_alanine_dipeptide_M1000_s1.log,STEP,,,,-495.495364,,,,,,,,,,,6500,,,,,,1.59e+00,787.5933,3.02e+02,1.03e+03,2.94e-01,1.6e+13,
iso_alanine_dipeptide_M1000_s1.log,RESULT_PARTIAL,alanine_dipeptide,,,-495.49023113,,10390,,splat,,,,,,,7000,1000,,,,,,,,,,,
iso_alanine_dipeptide_M1000_s1.log,STEP,,,,-495.495597,,,,,,,,,,,7000,,,,,,1.31e+00,787.5868,3.15e+02,1.07e+03,2.95e-01,8.3e+13,
iso_alanine_dipeptide_M1000_s1.log,STEP,,,,-495.493819,,,,,,,,,,,7500,,,,,,1.53e+00,787.5798,3.38e+02,1.09e+03,3.09e-01,7.0e+12,
iso_alanine_dipeptide_M1000_s1.log,RESULT_PARTIAL,alanine_dipeptide,,,-495.49053024,,11878,,splat,,,,,,,8000,1000,,,,,,,,,,,
iso_alanine_dipeptide_M1000_s1.log,STEP,,,,-495.495795,,,,,,,,,,,8000,,,,,,1.14e+00,787.5844,3.30e+02,1.11e+03,2.97e-01,7.6e+12,
iso_alanine_dipeptide_M1000_s1.log,STEP,,,,-495.499831,,,,,,,,,,,8500,,,,,,2.69e-01,787.5814,3.03e+02,1.12e+03,2.70e-01,1.3e+13,
iso_alanine_dipeptide_M1000_s1.log,RESULT_PARTIAL,alanine_dipeptide,,,-495.49516537,,13375,,splat,,,,,,,9000,1000,,,,,,,,,,,
iso_alanine_dipeptide_M1000_s1.log,STEP,,,,-495.500268,,,,,,,,,,,9000,,,,,,1.32e-01,787.5802,2.76e+02,1.13e+03,2.45e-01,1.4e+13,
iso_alanine_dipeptide_M1000_s1.log,STEP,,,,-495.500573,,,,,,,,,,,9500,,,,,,1.11e-01,787.5799,2.51e+02,1.13e+03,2.22e-01,1.7e+13,
iso_alanine_dipeptide_M1000_s1.log,RESULT_PARTIAL,alanine_dipeptide,,,-495.49589299,,14873,,splat,,,,,,,10000,1000,,,,,,,,,,,
iso_alanine_dipeptide_M1000_s1.log,STEP,,,,-495.500867,,,,,,,,,,,10000,,,,,,6.44e-04,787.5796,2.31e+02,1.14e+03,2.04e-01,2.4e+13,
iso_alanine_dipeptide_M1000_s1.log,STEP,,,,-495.501097,,,,,,,,,,,10500,,,,,,2.99e-04,787.5798,2.19e+02,1.14e+03,1.92e-01,3.1e+13,
iso_alanine_dipeptide_M1000_s1.log,RESULT_PARTIAL,alanine_dipeptide,,,-495.49631462,,16374,,splat,,,,,,,11000,1000,,,,,,,,,,,
iso_alanine_dipeptide_M1000_s1.log,STEP,,,,-495.501206,,,,,,,,,,,11000,,,,,,2.58e-04,787.5798,2.11e+02,1.14e+03,1.85e-01,3.8e+13,
iso_alanine_dipeptide_M1000_s1.log,STEP,,,,-495.501270,,,,,,,,,,,11500,,,,,,2.42e-04,787.5798,2.06e+02,1.14e+03,1.80e-01,4.4e+13,
iso_alanine_dipeptide_M1000_s1.log,RESULT_PARTIAL,alanine_dipeptide,,,-495.49645357,,17871,,splat,,,,,,,12000,1000,,,,,,,,,,,
iso_alanine_dipeptide_M1000_s1.log,STEP,,,,-495.501318,,,,,,,,,,,11999,,,,,,2.32e-04,787.5797,2.02e+02,1.14e+03,1.77e-01,5.2e+13,
iso_alanine_dipeptide_M1000_s1.log,RESULT_PARTIAL,alanine_dipeptide,,200,-495.49645357,,18250,,splat,,pbe,,,,,,1000,12000,1,1718,,,,,,,,
iso_alanine_dipeptide_M1000_s1.log,RESULT,alanine_dipeptide,,200,-495.49645357,,18652,,splat,,pbe,,,,,,1000,12000,1,1718,-495.49573102,,,,,,,-0.72255292
iso_alanine_dipeptide_M1000_s2.log,STEP,,,,1805.732960,,,,,,,,,,,0,,,,,,8.93e+02,835.1882,1.97e+00,3.32e+01,5.94e-02,8.8e+07,
iso_alanine_dipeptide_M1000_s2.log,STEP,,,,-494.689832,,,,,,,,,,,500,,,,,,1.42e+01,788.3169,2.31e+01,5.82e+02,3.97e-02,3.8e+13,
iso_alanine_dipeptide_M1000_s2.log,RESULT_PARTIAL,alanine_dipeptide,,,-495.23829158,,1503,,splat,,,,,,,1000,1000,,,,,,,,,,,
iso_alanine_dipeptide_M1000_s2.log,STEP,,,,-495.248358,,,,,,,,,,,1000,,,,,,9.27e+00,787.7891,4.46e+01,6.47e+02,6.88e-02,8.9e+13,
iso_alanine_dipeptide_M1000_s2.log,STEP,,,,-495.391499,,,,,,,,,,,1500,,,,,,5.15e+00,787.6726,6.08e+01,6.92e+02,8.78e-02,2.3e+14,
iso_alanine_dipeptide_M1000_s2.log,RESULT_PARTIAL,alanine_dipeptide,,,-495.40949258,,2968,,splat,,,,,,,2000,1000,,,,,,,,,,,
iso_alanine_dipeptide_M1000_s2.log,STEP,,,,-495.418352,,,,,,,,,,,2000,,,,,,2.99e+00,787.6356,8.98e+01,7.14e+02,1.26e-01,7.6e+13,
iso_alanine_dipeptide_M1000_s2.log,STEP,,,,-495.291857,,,,,,,,,,,2500,,,,,,5.54e+00,787.6104,1.13e+02,7.48e+02,1.51e-01,1.4e+14,
iso_alanine_dipeptide_M1000_s2.log,RESULT_PARTIAL,alanine_dipeptide,,,-495.44308581,,4434,,splat,,,,,,,3000,1000,,,,,,,,,,,
iso_alanine_dipeptide_M1000_s2.log,STEP,,,,-495.450649,,,,,,,,,,,3000,,,,,,3.70e+00,787.6042,1.31e+02,7.67e+02,1.71e-01,2.7e+14,
iso_alanine_dipeptide_M1000_s2.log,STEP,,,,-495.454702,,,,,,,,,,,3500,,,,,,2.62e+00,787.5911,1.58e+02,7.75e+02,2.03e-01,1.0e+14,
iso_alanine_dipeptide_M1000_s2.log,RESULT_PARTIAL,alanine_dipeptide,,,-495.45700058,,5903,,splat,,,,,,,4000,1000,,,,,,,,,,,
iso_alanine_dipeptide_M1000_s2.log,STEP,,,,-495.463879,,,,,,,,,,,4000,,,,,,2.28e+00,787.5655,1.83e+02,8.08e+02,2.27e-01,9.8e+13,
iso_alanine_dipeptide_M1000_s2.log,STEP,,,,-495.467566,,,,,,,,,,,4500,,,,,,2.16e+00,787.6150,2.15e+02,8.35e+02,2.58e-01,7.5e+13,
iso_alanine_dipeptide_M1000_s2.log,RESULT_PARTIAL,alanine_dipeptide,,,-495.47530131,,7372,,splat,,,,,,,5000,1000,,,,,,,,,,,
iso_alanine_dipeptide_M1000_s2.log,STEP,,,,-495.481637,,,,,,,,,,,5000,,,,,,1.96e+00,787.5905,2.40e+02,8.75e+02,2.75e-01,2.5e+14,
iso_alanine_dipeptide_M1000_s2.log,STEP,,,,-495.480127,,,,,,,,,,,5500,,,,,,1.79e+00,787.6108,2.76e+02,9.08e+02,3.04e-01,2.7e+13,
iso_alanine_dipeptide_M1000_s2.log,RESULT_PARTIAL,alanine_dipeptide,,,-495.47893318,,8840,,splat,,,,,,,6000,1000,,,,,,,,,,,
iso_alanine_dipeptide_M1000_s2.log,STEP,,,,-495.484600,,,,,,,,,,,6000,,,,,,2.01e+00,787.6041,3.06e+02,9.52e+02,3.22e-01,1.5e+13,
iso_alanine_dipeptide_M1000_s2.log,STEP,,,,-495.489027,,,,,,,,,,,6500,,,,,,1.66e+00,787.5953,3.19e+02,1.00e+03,3.17e-01,1.6e+13,
iso_alanine_dipeptide_M1000_s2.log,RESULT_PARTIAL,alanine_dipeptide,,,-495.49091220,,10323,,splat,,,,,,,7000,1000,,,,,,,,,,,
iso_alanine_dipeptide_M1000_s2.log,STEP,,,,-495.495850,,,,,,,,,,,7000,,,,,,1.46e+00,787.5922,3.27e+02,1.04e+03,3.15e-01,2.3e+13,
iso_alanine_dipeptide_M1000_s2.log,STEP,,,,-495.490053,,,,,,,,,,,7500,,,,,,2.10e+00,787.5857,3.43e+02,1.06e+03,3.22e-01,6.2e+12,
iso_alanine_dipeptide_M1000_s2.log,RESULT_PARTIAL,alanine_dipeptide,,,-495.49346381,,11807,,splat,,,,,,,8000,1000,,,,,,,,,,,
iso_alanine_dipeptide_M1000_s2.log,STEP,,,,-495.497986,,,,,,,,,,,8000,,,,,,9.65e-01,787.5940,3.32e+02,1.09e+03,3.05e-01,1.0e+13,
iso_alanine_dipeptide_M1000_s2.log,STEP,,,,-495.499957,,,,,,,,,,,8500,,,,,,2.01e-01,787.5890,3.09e+02,1.10e+03,2.81e-01,4.6e+13,
iso_alanine_dipeptide_M1000_s2.log,RESULT_PARTIAL,alanine_dipeptide,,,-495.49602409,,13298,,splat,,,,,,,9000,1000,,,,,,,,,,,
iso_alanine_dipeptide_M1000_s2.log,STEP,,,,-495.500261,,,,,,,,,,,9000,,,,,,2.87e-01,787.5878,2.84e+02,1.11e+03,2.56e-01,2.8e+13,
iso_alanine_dipeptide_M1000_s2.log,STEP,,,,-495.501026,,,,,,,,,,,9500,,,,,,7.84e-02,787.5869,2.60e+02,1.11e+03,2.34e-01,4.5e+13,
iso_alanine_dipeptide_M1000_s2.log,RESULT_PARTIAL,alanine_dipeptide,,,-495.49798645,,14793,,splat,,,,,,,10000,1000,,,,,,,,,,,
iso_alanine_dipeptide_M1000_s2.log,STEP,,,,-495.502113,,,,,,,,,,,10000,,,,,,5.01e-03,787.5873,2.41e+02,1.11e+03,2.17e-01,8.2e+13,
iso_alanine_dipeptide_M1000_s2.log,STEP,,,,-495.502610,,,,,,,,,,,10500,,,,,,8.11e-03,787.5873,2.29e+02,1.11e+03,2.06e-01,1.3e+14,
iso_alanine_dipeptide_M1000_s2.log,RESULT_PARTIAL,alanine_dipeptide,,,-495.49882465,,16286,,splat,,,,,,,11000,1000,,,,,,,,,,,
iso_alanine_dipeptide_M1000_s2.log,STEP,,,,-495.502971,,,,,,,,,,,11000,,,,,,9.59e-04,787.5875,2.21e+02,1.11e+03,1.99e-01,1.8e+14,
iso_alanine_dipeptide_M1000_s2.log,STEP,,,,-495.503269,,,,,,,,,,,11500,,,,,,8.46e-04,787.5878,2.16e+02,1.11e+03,1.94e-01,2.4e+14,
iso_alanine_dipeptide_M1000_s2.log,RESULT_PARTIAL,alanine_dipeptide,,,-495.49926571,,17775,,splat,,,,,,,12000,1000,,,,,,,,,,,
iso_alanine_dipeptide_M1000_s2.log,STEP,,,,-495.503427,,,,,,,,,,,11999,,,,,,8.69e-04,787.5879,2.13e+02,1.11e+03,1.91e-01,2.4e+14,
iso_alanine_dipeptide_M1000_s2.log,RESULT_PARTIAL,alanine_dipeptide,,200,-495.49926571,,18153,,splat,,pbe,,,,,,1000,12000,2,1717,,,,,,,,
iso_alanine_dipeptide_M1000_s2.log,RESULT,alanine_dipeptide,,200,-495.49926571,,18555,,splat,,pbe,,,,,,1000,12000,2,1717,-495.49381535,,,,,,,-5.45036064
